time,TRIMA
2025-11-07,277.5420
2025-10-31,270.4515
2025-10-24,263.1927
2025-10-17,256.9138
2025-10-10,251.5657
2025-10-03,247.8432
2025-09-26,247.1027
2025-09-19,249.1872
2025-09-12,253.7815
2025-09-05,260.0887
2025-08-29,267.0796
2025-08-22,273.2524
2025-08-15,277.5457
2025-08-08,279.3149
2025-08-01,278.4852
2025-07-25,275.7990
2025-07-18,271.5187
2025-07-11,266.6091
2025-07-03,261.3084
2025-06-27,256.3426
2025-06-20,251.4644
2025-06-13,245.9728
2025-06-06,241.3357
2025-05-30,238.0342
2025-05-23,235.9794
2025-05-16,235.4530
2025-05-09,236.9971
2025-05-02,240.3077
2025-04-25,244.1318
2025-04-17,247.5338
2025-04-11,250.2116
2025-04-04,251.0541
2025-03-28,249.4797
2025-03-21,245.7926
2025-03-14,240.6598
2025-03-07,234.4335
2025-02-28,228.5839
2025-02-21,224.0405
2025-02-14,221.4038
2025-02-07,220.4098
2025-01-31,220.4725
2025-01-24,221.0595
2025-01-17,221.0378
2025-01-10,219.7839
2025-01-03,217.4260
2024-12-27,215.1184
2024-12-20,213.5270
2024-12-13,212.8078
2024-12-06,213.0984
2024-11-29,214.5145
2024-11-22,215.8812
2024-11-15,216.0254
2024-11-08,214.6011
2024-11-01,212.0222
2024-10-25,208.2391
2024-10-18,203.5767
2024-10-11,198.7959
2024-10-04,194.7031
2024-09-27,190.9111
2024-09-20,187.5276
2024-09-13,184.3967
2024-09-06,181.7073
2024-08-30,179.0492
2024-08-23,176.2578
2024-08-16,173.4817
2024-08-09,170.7790
2024-08-02,168.5099
2024-07-26,166.4047
2024-07-19,164.8430
2024-07-12,163.6005
2024-07-05,162.7765
2024-06-28,162.5970
2024-06-21,162.9874
2024-06-14,164.2084
2024-06-07,166.2175
2024-05-31,169.1047
2024-05-24,172.3121
2024-05-17,175.4947
2024-05-10,178.1572
2024-05-03,180.0418
2024-04-26,181.0955
2024-04-19,181.2377
2024-04-12,180.7283
2024-04-05,179.8533
2024-03-28,178.5699
2024-03-22,176.6847
2024-03-15,173.9723
2024-03-08,170.7295
2024-03-01,167.0487
2024-02-23,163.0968
2024-02-16,159.5021
2024-02-09,156.6996
2024-02-02,154.5605
2024-01-26,152.8299
2024-01-19,151.4605
2024-01-12,149.9065
2024-01-05,147.8614
2023-12-29,145.1388
2023-12-22,142.1971
2023-12-15,139.3175
2023-12-08,136.6272
2023-12-01,134.5607
2023-11-24,133.3687
2023-11-17,133.0932
2023-11-10,133.4588
2023-11-03,134.2362
2023-10-27,135.0978
2023-10-20,135.7692
2023-10-13,135.9924
2023-10-06,135.7465
2023-09-29,135.0870
2023-09-22,133.9578
2023-09-15,132.5900
2023-09-08,130.9502
2023-09-01,129.0294
2023-08-25,127.1958
2023-08-18,125.6857
2023-08-11,124.5196
2023-08-04,123.6337
2023-07-28,123.0465
2023-07-21,122.4919
2023-07-14,121.6007
2023-07-07,120.3640
2023-06-30,118.9095
2023-06-23,117.5451
2023-06-16,116.3954
2023-06-09,115.8764
2023-06-02,115.7898
2023-05-26,115.9267
2023-05-19,116.1436
2023-05-12,116.3836
2023-05-05,116.4809
2023-04-28,116.5878
2023-04-21,117.0465
2023-04-14,117.8172
2023-04-06,118.7761
2023-03-31,119.9917
2023-03-24,121.5169
2023-03-17,123.0055
2023-03-10,124.2970
2023-03-03,125.5367
2023-02-24,126.6466
2023-02-17,127.5476
2023-02-10,128.2412
2023-02-03,128.9492
2023-01-27,129.6737
2023-01-20,130.2499
2023-01-13,130.4789
2023-01-06,130.3201
2022-12-30,129.4859
2022-12-23,127.6286
2022-12-16,124.8682
2022-12-09,121.5446
2022-12-02,118.1379
2022-11-25,114.9461
2022-11-18,112.5669
2022-11-11,111.2418
2022-11-04,110.9368
2022-10-28,111.5762
2022-10-21,112.8750
2022-10-14,114.3372
2022-10-07,115.5851
2022-09-30,116.5013
2022-09-23,117.1478
2022-09-16,117.5136
2022-09-09,117.8887
2022-09-02,118.5685
2022-08-26,119.4282
2022-08-19,120.2007
2022-08-12,121.0206
2022-08-05,121.6138
2022-07-29,121.6319
2022-07-22,121.2309
2022-07-15,120.6242
2022-07-08,119.8589
2022-07-01,118.9578
2022-06-24,117.9786
2022-06-17,117.1769
2022-06-10,116.2894
2022-06-03,115.3259
2022-05-27,114.4534
2022-05-20,113.5854
2022-05-13,112.8045
2022-05-06,111.9870
2022-04-29,111.1457
2022-04-22,110.4714
2022-04-14,110.3737
2022-04-08,110.5116
2022-04-01,110.8147
2022-03-25,111.5572
2022-03-18,112.4985
2022-03-11,113.2394
2022-03-04,113.5533
2022-02-25,113.6289
2022-02-18,113.3195
2022-02-11,112.3727
2022-02-04,110.9770
2022-01-28,109.2597
2022-01-21,107.4646
2022-01-14,105.6934
2022-01-07,104.1435
2021-12-31,103.0721
2021-12-23,103.0091
2021-12-17,103.8165
2021-12-10,105.1525
2021-12-03,106.8776
2021-11-26,108.8160
2021-11-19,110.5556
2021-11-12,111.6247
2021-11-05,112.1543
2021-10-29,112.3768
2021-10-22,112.5027
2021-10-15,112.5593
2021-10-08,112.7717
2021-10-01,113.0951
2021-09-24,113.3782
2021-09-17,113.5242
2021-09-10,113.3157
2021-09-03,113.1529
2021-08-27,113.0579
2021-08-20,113.3358
2021-08-13,113.9045
2021-08-06,114.6991
2021-07-30,115.5446
2021-07-23,116.2507
2021-07-16,116.7535
2021-07-09,116.7336
2021-07-02,116.4396
2021-06-25,115.6668
2021-06-18,114.6548
2021-06-11,113.2702
2021-06-04,111.8100
2021-05-28,110.1253
2021-05-21,108.3981
2021-05-14,106.6990
2021-05-07,104.9408
2021-04-30,103.0856
2021-04-23,101.2168
2021-04-16,99.5366
2021-04-09,97.8869
2021-04-01,96.4713
2021-03-26,95.6452
2021-03-19,95.4410
2021-03-12,95.5410
2021-03-05,95.9545
2021-02-26,96.6266
2021-02-19,97.2787
2021-02-12,97.6536
2021-02-05,97.8219
2021-01-29,97.7066
2021-01-22,97.3085
2021-01-15,96.5815
2021-01-08,95.5567
2020-12-31,94.2775
2020-12-24,93.2416
2020-12-18,92.6131
2020-12-11,92.1909
2020-12-04,92.1654
2020-11-27,92.6953
2020-11-20,93.4038
2020-11-13,93.7628
2020-11-06,94.0015
2020-10-30,94.2639
2020-10-23,94.4455
2020-10-16,94.5509
2020-10-09,94.7638
2020-10-02,95.0770
2020-09-25,95.3197
2020-09-18,95.2998
2020-09-11,95.0106
2020-09-04,94.5032
2020-08-28,93.9328
2020-08-21,93.2394
2020-08-14,92.8455
2020-08-07,92.7172
2020-07-31,92.8200
2020-07-24,93.0058
2020-07-17,93.3274
2020-07-10,93.4927
2020-07-02,93.3228
2020-06-26,92.9726
2020-06-19,92.5419
2020-06-12,91.8406
2020-06-05,90.7550
2020-05-29,89.2263
2020-05-22,87.1882
2020-05-15,85.2078
2020-05-08,83.7335
2020-05-01,83.5214
2020-04-24,85.0062
2020-04-17,88.6378
2020-04-09,93.3619
2020-04-03,98.2803
2020-03-27,102.4606
2020-03-20,105.3132
2020-03-13,106.2637
2020-03-06,105.6171
2020-02-28,104.3391
2020-02-21,102.8327
2020-02-14,101.5020
2020-02-07,100.5896
2020-01-31,100.1824
2020-01-24,99.9624
2020-01-17,99.8655
2020-01-10,99.8718
2020-01-03,99.9300
2019-12-27,99.8786
2019-12-20,100.0024
2019-12-13,100.2470
2019-12-06,100.6187
2019-11-29,101.0850
2019-11-22,101.7951
2019-11-15,102.5474
2019-11-08,102.9614
2019-11-01,102.9815
2019-10-25,102.6643
2019-10-18,102.0517
2019-10-11,101.2628
2019-10-04,100.8710
2019-09-27,101.0853
2019-09-20,101.7652
2019-09-13,102.6916
2019-09-06,103.6566
2019-08-30,104.2672
2019-08-23,104.1659
2019-08-16,103.4340
2019-08-09,102.2094
2019-08-02,100.7120
2019-07-26,99.2076
2019-07-19,97.9399
2019-07-12,97.0842
2019-07-05,96.6853
2019-06-28,96.7597
2019-06-21,97.2358
2019-06-14,98.0433
2019-06-07,98.9784
2019-05-31,99.8562
2019-05-24,100.4924
2019-05-17,100.7926
2019-05-10,100.7992
2019-05-03,100.5753
2019-04-26,100.2449
2019-04-18,99.7845
2019-04-12,99.2290
2019-04-05,98.6718
2019-03-29,97.7541
2019-03-22,96.4259
2019-03-15,94.6941
2019-03-08,92.6065
2019-03-01,90.0568
2019-02-22,87.6087
2019-02-15,85.5754
2019-02-08,84.1813
2019-02-01,83.3396
2019-01-25,83.2626
2019-01-18,83.8376
2019-01-11,84.3920
2019-01-04,84.7799
2018-12-28,85.2011
2018-12-21,85.9041
2018-12-14,86.8762
2018-12-07,88.5733
2018-11-30,91.1305
2018-11-23,94.3118
2018-11-16,97.4119
2018-11-09,100.0526
2018-11-02,102.0365
2018-10-26,103.0806
2018-10-19,103.2849
2018-10-12,103.0212
2018-10-05,102.5490
2018-09-28,102.0852
2018-09-21,101.6798
2018-09-14,101.3126
2018-09-07,100.8456
2018-08-31,100.3057
2018-08-24,99.7795
2018-08-17,99.3255
2018-08-10,98.9175
2018-08-03,98.6794
2018-07-27,98.7460
2018-07-20,98.9207
2018-07-13,99.0489
2018-07-06,99.2234
2018-06-29,99.4258
2018-06-22,99.7912
2018-06-15,100.1825
2018-06-08,100.7800
2018-06-01,101.5732
2018-05-25,102.6328
2018-05-18,103.7088
2018-05-11,104.5768
2018-05-04,105.3702
2018-04-27,106.0552
2018-04-20,106.4402
2018-04-13,106.4145
2018-04-06,106.6166
2018-03-29,106.8587
2018-03-23,107.2189
2018-03-16,107.7054
2018-03-09,108.3162
2018-03-02,108.6661
2018-02-23,108.5677
2018-02-16,108.1478
2018-02-09,107.3959
2018-02-02,106.3581
2018-01-26,105.3546
2018-01-19,104.5861
2018-01-12,103.8942
2018-01-05,103.3536
2017-12-29,103.1600
2017-12-22,102.9114
2017-12-15,102.6187
2017-12-08,102.2847
2017-12-01,101.8638
2017-11-24,101.1351
2017-11-17,100.1349
2017-11-10,99.1776
2017-11-03,98.2790
2017-10-27,97.4003
2017-10-20,96.6518
2017-10-13,96.2873
2017-10-06,95.9910
2017-09-29,95.7920
2017-09-22,95.8976
2017-09-15,96.3349
2017-09-08,97.0246
2017-09-01,97.9439
2017-08-25,99.0654
2017-08-18,100.1699
2017-08-11,100.9734
2017-08-04,101.5327
2017-07-28,101.8447
2017-07-21,101.8201
2017-07-14,101.5767
2017-07-07,101.4676
2017-06-30,101.5545
2017-06-23,102.0313
2017-06-16,103.0131
2017-06-09,104.5304
2017-06-02,106.3552
2017-05-26,108.3468
2017-05-19,110.3439
2017-05-12,112.1446
2017-05-05,113.6593
2017-04-28,114.9197
2017-04-21,115.9820
2017-04-13,116.6441
2017-04-07,117.0382
2017-03-31,117.0023
2017-03-24,116.4718
2017-03-17,115.5249
2017-03-10,114.3189
2017-03-03,112.9815
2017-02-24,111.6642
2017-02-17,110.6200
2017-02-10,109.7219
2017-02-03,108.9845
2017-01-27,108.2909
2017-01-20,107.6934
2017-01-13,106.8600
2017-01-06,105.8206
2016-12-30,104.6611
2016-12-23,103.4187
2016-12-16,102.1838
2016-12-09,101.1578
2016-12-02,100.4748
2016-11-25,100.0934
2016-11-18,100.0366
2016-11-11,100.2137
2016-11-04,100.5364
2016-10-28,100.8907
2016-10-21,101.3706
2016-10-14,101.9150
2016-10-07,102.4289
2016-09-30,102.9130
2016-09-23,103.3361
2016-09-16,103.4434
2016-09-09,103.1124
2016-09-02,102.3117
2016-08-26,101.3235
2016-08-19,100.1331
2016-08-12,98.9550
2016-08-05,98.0026
2016-07-29,97.3570
2016-07-22,96.9145
2016-07-15,96.5888
2016-07-08,96.2580
2016-07-01,95.8358
2016-06-24,95.4421
2016-06-17,95.0435
2016-06-10,94.8189
2016-06-03,94.7033
2016-05-27,94.7384
2016-05-20,94.6913
2016-05-13,94.3118
2016-05-06,93.4768
2016-04-29,92.2794
2016-04-22,90.5182
2016-04-15,88.4368
2016-04-08,86.2624
2016-04-01,84.1269
2016-03-24,82.3147
2016-03-18,80.9793
2016-03-11,80.3563
2016-03-04,80.3510
2016-02-26,80.9320
2016-02-19,81.8572
2016-02-12,83.0640
2016-02-05,84.1510
2016-01-29,85.0806
2016-01-22,85.6464
2016-01-15,85.9796
2016-01-08,86.1837
2015-12-31,86.3133
2015-12-24,86.5876
2015-12-18,87.2469
2015-12-11,88.1278
2015-12-04,89.0352
2015-11-27,89.9762
2015-11-20,90.7655
2015-11-13,91.2116
2015-11-06,91.2859
2015-10-30,91.2036
2015-10-23,91.2434
2015-10-16,91.4648
2015-10-09,92.0384
2015-10-02,92.9638
2015-09-25,94.4377
2015-09-18,96.1665
2015-09-11,97.8102
2015-09-04,99.3047
2015-08-28,100.6764
2015-08-21,101.6784
2015-08-14,102.0864
2015-08-07,102.3905
2015-07-31,102.7445
2015-07-24,103.1720
2015-07-17,103.5722
2015-07-10,104.2486
2015-07-02,104.9279
2015-06-26,105.2450
2015-06-19,105.1407
2015-06-12,104.6260
2015-06-05,103.6922
2015-05-29,102.4698
2015-05-22,101.1163
2015-05-15,99.9088
2015-05-08,98.9948
2015-05-01,98.4318
2015-04-24,98.0757
2015-04-17,97.9047
2015-04-10,97.7700
2015-04-02,97.6280
2015-03-27,97.2695
2015-03-20,96.8135
2015-03-13,96.5037
2015-03-06,96.3367
2015-02-27,96.2787
2015-02-20,96.2973
2015-02-13,96.5789
2015-02-06,96.9058
2015-01-30,97.1388
2015-01-23,97.3279
2015-01-16,97.6365
2015-01-09,97.9577
2015-01-02,98.1770
2014-12-26,98.4734
2014-12-19,99.1859
2014-12-12,100.3174
2014-12-05,101.8162
2014-11-28,103.9565
2014-11-21,106.6063
2014-11-14,109.2773
2014-11-07,111.6017
2014-10-31,113.4470
2014-10-24,114.6909
2014-10-17,115.2238
2014-10-10,115.2114
2014-10-03,115.1028
2014-09-26,114.9096
2014-09-19,114.6451
2014-09-12,114.4676
2014-09-05,114.2022
2014-08-29,113.7397
2014-08-22,113.0895
2014-08-15,112.4172
2014-08-08,111.7011
2014-08-01,111.0806
2014-07-25,110.7145
2014-07-18,110.7705
2014-07-11,111.0792
2014-07-03,111.5400
2014-06-27,112.1359
2014-06-20,112.8325
2014-06-13,113.4250
2014-06-06,113.8548
2014-05-30,114.1362
2014-05-23,114.1700
2014-05-16,113.9529
2014-05-09,113.3989
2014-05-02,112.6796
2014-04-25,111.8640
2014-04-17,111.0090
2014-04-11,110.0478
2014-04-04,109.1660
2014-03-28,108.5780
2014-03-21,108.2067
2014-03-14,108.1023
2014-03-07,108.2951
2014-02-28,108.7648
2014-02-21,108.9914
2014-02-14,108.9274
2014-02-07,108.6700
2014-01-31,108.1300
2014-01-24,107.4549
2014-01-17,106.8890
2014-01-10,106.6787
2014-01-03,106.5657
2013-12-27,106.4713
2013-12-20,106.4952
2013-12-13,106.4842
2013-12-06,106.4466
2013-11-29,106.6463
2013-11-22,107.2917
2013-11-15,108.0366
2013-11-08,108.7986
2013-11-01,109.5409
2013-10-25,110.0782
2013-10-18,110.2268
2013-10-11,110.2026
2013-10-04,110.4528
2013-09-27,110.8090
2013-09-20,111.2919
2013-09-13,112.0191
2013-09-06,112.8198
2013-08-30,113.3583
2013-08-23,113.8529
2013-08-16,114.4916
2013-08-09,115.2568
2013-08-02,116.1708
2013-07-26,117.4186
2013-07-19,118.7365
2013-07-12,119.7770
2013-07-05,120.2513
2013-06-28,120.1416
2013-06-21,119.7608
2013-06-14,119.1822
2013-06-07,118.7647
2013-05-31,118.7740
2013-05-24,119.4887
2013-05-17,120.5319
2013-05-10,121.4203
2013-05-03,122.0150
2013-04-26,122.2013
2013-04-19,121.8092
2013-04-12,120.8623
2013-04-05,119.9504
2013-03-28,119.0065
2013-03-22,118.1120
2013-03-15,117.2866
2013-03-08,116.4031
2013-03-01,115.4215
2013-02-22,114.3621
2013-02-15,113.4485
2013-02-08,112.6512
2013-02-01,112.0800
2013-01-25,111.7131
2013-01-18,111.5418
2013-01-11,111.4080
2013-01-04,111.3485
2012-12-28,111.3481
2012-12-21,111.6605
2012-12-14,112.4288
2012-12-07,113.5331
2012-11-30,114.8477
2012-11-23,116.3294
2012-11-16,117.6200
2012-11-09,118.2761
2012-11-02,118.3681
2012-10-26,118.0740
2012-10-19,117.4535
2012-10-12,116.5757
2012-10-05,115.8596
2012-09-28,115.2289
2012-09-21,114.4852
2012-09-14,113.6526
2012-09-07,112.9028
2012-08-31,112.1075
2012-08-24,111.4838
2012-08-17,111.2459
2012-08-10,111.2686
2012-08-03,111.4420
2012-07-27,111.7289
2012-07-20,112.1349
2012-07-13,112.5161
2012-07-06,113.0220
2012-06-29,113.6099
2012-06-22,114.3717
2012-06-15,115.1359
2012-06-08,115.9506
2012-06-01,116.6353
2012-05-25,117.1330
2012-05-18,117.5223
2012-05-11,117.6439
2012-05-04,117.4625
2012-04-27,116.9415
2012-04-20,116.1879
2012-04-13,115.1083
2012-04-05,113.9158
2012-03-30,112.6551
2012-03-23,111.3583
2012-03-16,110.0787
2012-03-09,108.9271
2012-03-02,107.8672
2012-02-24,106.9284
2012-02-17,106.4269
2012-02-10,106.3663
2012-02-03,106.4555
2012-01-27,106.6238
2012-01-20,106.9655
2012-01-13,107.2162
2012-01-06,107.0926
2011-12-30,106.7610
2011-12-23,106.6126
2011-12-16,106.3631
2011-12-09,105.7991
2011-12-02,105.1129
2011-11-25,104.3191
2011-11-18,102.9905
2011-11-11,101.1762
2011-11-04,99.4218
2011-10-28,97.7101
2011-10-21,96.3111
2011-10-14,95.3152
2011-10-07,95.2468
2011-09-30,95.7947
2011-09-23,96.6539
2011-09-16,97.7490
2011-09-09,98.8838
2011-09-02,99.5248
2011-08-26,99.4278
2011-08-19,98.8988
2011-08-12,97.9385
2011-08-05,96.8289
2011-07-29,95.6987
2011-07-22,95.0033
2011-07-15,94.7646
2011-07-08,94.8454
2011-07-01,95.0891
2011-06-24,95.3406
2011-06-17,95.4042
2011-06-10,95.2632
2011-06-03,94.8483
2011-05-27,94.1201
2011-05-20,93.3554
2011-05-13,92.6443
2011-05-06,92.0286
2011-04-29,91.5400
2011-04-21,91.3739
2011-04-15,91.4393
2011-04-08,91.5129
2011-04-01,91.4791
2011-03-25,91.2140
2011-03-18,90.5870
2011-03-11,89.5202
2011-03-04,88.1466
2011-02-25,86.6420
2011-02-18,85.1918
2011-02-11,83.9546
2011-02-04,82.9719
2011-01-28,82.2849
2011-01-21,81.8335
2011-01-14,81.5743
2011-01-07,81.3742
2010-12-31,81.1611
2010-12-23,80.9472
2010-12-17,80.6471
2010-12-10,80.1740
2010-12-03,79.5076
2010-11-26,78.6799
2010-11-19,77.6930
2010-11-12,76.5554
2010-11-05,75.3354
2010-10-29,74.2055
2010-10-22,73.2132
2010-10-15,72.4514
2010-10-08,71.9491
2010-10-01,71.7133
2010-09-24,71.6758
2010-09-17,71.7355
2010-09-10,71.7009
2010-09-03,71.5961
2010-08-27,71.5213
2010-08-20,71.3973
2010-08-13,71.2313
2010-08-06,71.0996
2010-07-30,71.0697
2010-07-23,71.0558
2010-07-16,70.9401
2010-07-09,70.8861
2010-07-02,70.9472
2010-06-25,71.0703
2010-06-18,71.1860
2010-06-11,71.3423
2010-06-04,71.5384
2010-05-28,71.6270
2010-05-21,71.5788
2010-05-14,71.4202
2010-05-07,71.2970
2010-04-30,71.1100
2010-04-23,70.8840
2010-04-16,70.6284
2010-04-09,70.3468
2010-04-01,70.0611
2010-03-26,69.8607
2010-03-19,69.8002
2010-03-12,69.9180
2010-03-05,70.2573
2010-02-26,70.7047
2010-02-19,71.1478
2010-02-12,71.4448
2010-02-05,71.5274
2010-01-29,71.4118
2010-01-22,71.1417
2010-01-15,70.7390
2010-01-08,70.2475
2009-12-31,69.7401
2009-12-24,69.2249
2009-12-18,68.7283
2009-12-11,68.1411
2009-12-04,67.6577
2009-11-27,67.3074
2009-11-20,66.9626
2009-11-13,66.5997
2009-11-06,66.2459
2009-10-30,65.9832
2009-10-23,65.6427
2009-10-16,65.3158
2009-10-09,65.0833
2009-10-02,64.9756
2009-09-25,64.7922
2009-09-18,64.3287
2009-09-11,63.6318
2009-09-04,62.6783
2009-08-28,61.5029
2009-08-21,60.2145
2009-08-14,59.1324
2009-08-07,58.4394
2009-07-31,57.9741
2009-07-24,57.6861
2009-07-17,57.4934
2009-07-10,57.3914
2009-07-02,57.0484
2009-06-26,56.5790
2009-06-19,56.1539
2009-06-12,55.7737
2009-06-05,55.2722
2009-05-29,54.6987
2009-05-22,54.1059
2009-05-15,53.2588
2009-05-08,52.2759
2009-05-01,51.2572
2009-04-24,50.4434
2009-04-17,49.8202
2009-04-09,49.4580
2009-04-03,49.3447
2009-03-27,49.3176
2009-03-20,49.2016
2009-03-13,48.9407
2009-03-06,48.4361
2009-02-27,47.7157
2009-02-20,46.9884
2009-02-13,46.3154
2009-02-06,45.6815
2009-01-30,45.1203
2009-01-23,44.6496
2009-01-16,44.3952
2009-01-09,44.3535
2009-01-02,44.3271
2008-12-26,44.6872
2008-12-19,45.3450
2008-12-12,46.3008
2008-12-05,47.6027
2008-11-28,49.4179
2008-11-21,51.6694
2008-11-14,54.1279
2008-11-07,56.7855
2008-10-31,59.3413
2008-10-24,61.5964
2008-10-17,63.4007
2008-10-10,64.9381
2008-10-03,66.0585
2008-09-26,66.8772
2008-09-19,67.4768
2008-09-12,67.7658
2008-09-05,67.6989
2008-08-29,67.3995
2008-08-22,66.9443
2008-08-15,66.4660
2008-08-08,66.2422
2008-08-01,66.2567
2008-07-25,66.4761
2008-07-18,66.7496
2008-07-11,67.0457
2008-07-03,67.1672
2008-06-27,67.0831
2008-06-20,66.7134
2008-06-13,66.1189
2008-06-06,65.3972
2008-05-30,64.6526
2008-05-23,63.8574
2008-05-16,63.0512
2008-05-09,62.4179
2008-05-02,61.8142
2008-04-25,61.1576
2008-04-18,60.3996
2008-04-11,59.7114
2008-04-04,58.8984
2008-03-28,57.9675
2008-03-20,57.1093
2008-03-14,56.4086
2008-03-07,55.9028
2008-02-29,55.6090
2008-02-22,55.6049
2008-02-15,55.8303
2008-02-08,56.1852
2008-02-01,56.5062
2008-01-25,56.6904
2008-01-18,56.6925
2008-01-11,56.6854
2008-01-04,56.7501
2007-12-28,56.8338
2007-12-21,57.2375
2007-12-14,58.0076
2007-12-07,58.8837
2007-11-30,59.7117
2007-11-23,60.4630
2007-11-16,61.0729
2007-11-09,61.4532
2007-11-02,61.5073
2007-10-26,61.4111
2007-10-19,61.2317
2007-10-12,60.9055
2007-10-05,60.5912
2007-09-28,60.2986
2007-09-21,60.0397
2007-09-14,59.8046
2007-09-07,59.4840
2007-08-31,59.0523
2007-08-24,58.4714
2007-08-17,57.7639
2007-08-10,57.0652
2007-08-03,56.4517
2007-07-27,55.9967
2007-07-20,55.7430
2007-07-13,55.6497
2007-07-06,55.5550
2007-06-29,55.3131
2007-06-22,54.8474
2007-06-15,54.1672
2007-06-08,53.3328
2007-06-01,52.3973
2007-05-25,51.5391
2007-05-18,50.8375
2007-05-11,50.2481
2007-05-04,49.8893
2007-04-27,49.7422
2007-04-20,49.7903
2007-04-13,49.9609
2007-04-05,50.2939
2007-03-30,50.7050
2007-03-23,51.0650
2007-03-16,51.3475
2007-03-09,51.5100
2007-03-02,51.5203
2007-02-23,51.3723
2007-02-16,51.1553
2007-02-09,50.8256
2007-02-02,50.4283
2007-01-26,50.0445
2007-01-19,49.6589
2007-01-12,49.2551
2007-01-05,48.9070
2006-12-29,48.6122
2006-12-22,48.2561
2006-12-15,47.7662
2006-12-08,47.1625
2006-12-01,46.4517
2006-11-24,45.6540
2006-11-17,44.8122
2006-11-10,44.0759
2006-11-03,43.4627
2006-10-27,42.9821
2006-10-20,42.5355
2006-10-13,42.1277
2006-10-06,41.7273
2006-09-29,41.2686
2006-09-22,40.7296
2006-09-15,40.2283
2006-09-08,39.8771
2006-09-01,39.6282
2006-08-25,39.5219
2006-08-18,39.5833
2006-08-11,39.8080
2006-08-04,40.0810
2006-07-28,40.3712
2006-07-21,40.7160
2006-07-14,41.0916
2006-07-07,41.4474
2006-06-30,41.7638
2006-06-23,42.0581
2006-06-16,42.3088
2006-06-09,42.4915
2006-06-02,42.5955
2006-05-26,42.6753
2006-05-19,42.7402
2006-05-12,42.7361
2006-05-05,42.6781
2006-04-28,42.5734
2006-04-21,42.4312
2006-04-13,42.2262
2006-04-07,42.0381
2006-03-31,41.9118
2006-03-24,41.8758
2006-03-17,41.9305
2006-03-10,42.0593
2006-03-03,42.2620
2006-02-24,42.4842
2006-02-17,42.7596
2006-02-10,43.0694
2006-02-03,43.4480
2006-01-27,43.8543
2006-01-20,44.2358
2006-01-13,44.5136
2006-01-06,44.5964
2005-12-30,44.5005
2005-12-23,44.2011
2005-12-16,43.7753
2005-12-09,43.2823
2005-12-02,42.8051
2005-11-25,42.3915
2005-11-18,42.0560
2005-11-11,41.7878
2005-11-04,41.5711
2005-10-28,41.4806
2005-10-21,41.4823
2005-10-14,41.5837
2005-10-07,41.7615
2005-09-30,42.0308
2005-09-23,42.2875
2005-09-16,42.4214
2005-09-09,42.3595
2005-09-02,42.1021
2005-08-26,41.6548
2005-08-19,41.0137
2005-08-12,40.3273
2005-08-05,39.7253
2005-07-29,39.3212
2005-07-22,39.0211
2005-07-15,38.8706
2005-07-08,38.8638
2005-07-01,38.8921
2005-06-24,38.8934
2005-06-17,39.0963
2005-06-10,39.6002
2005-06-03,40.3280
2005-05-27,41.2838
2005-05-20,42.5122
2005-05-13,43.8152
2005-05-06,44.9192
2005-04-29,45.8062
2005-04-22,46.5204
2005-04-15,47.0373
2005-04-08,47.3276
2005-04-01,47.5321
2005-03-24,47.7083
2005-03-18,47.8928
2005-03-11,48.0921
2005-03-04,48.3148
2005-02-25,48.5807
2005-02-18,48.9014
2005-02-11,49.2272
2005-02-04,49.4424
2005-01-28,49.5205
2005-01-21,49.5079
2005-01-14,49.3584
2005-01-07,49.0222
2004-12-31,48.5346
2004-12-23,47.9421
2004-12-17,47.2627
2004-12-10,46.5081
2004-12-03,45.7385
2004-11-26,45.0676
2004-11-19,44.5753
2004-11-12,44.2214
2004-11-05,43.9711
2004-10-29,43.8369
2004-10-22,43.7630
2004-10-15,43.6625
2004-10-08,43.5497
2004-10-01,43.4739
2004-09-24,43.4240
2004-09-17,43.3569
2004-09-10,43.3672
2004-09-03,43.4859
2004-08-27,43.6653
2004-08-20,43.9376
2004-08-13,44.3064
2004-08-06,44.7001
2004-07-30,45.0122
2004-07-23,45.1890
2004-07-16,45.2295
2004-07-09,45.1619
2004-07-02,45.0555
2004-06-25,44.9896
2004-06-18,45.0935
2004-06-10,45.3892
2004-06-04,45.8091
2004-05-28,46.2516
2004-05-21,46.6638
2004-05-14,47.0593
2004-05-07,47.3617
2004-04-30,47.6341
2004-04-23,47.9722
2004-04-16,48.4155
2004-04-08,48.8894
2004-04-02,49.3336
2004-03-26,49.7080
2004-03-19,49.8557
2004-03-12,49.7284
2004-03-05,49.3844
2004-02-27,48.9118
2004-02-20,48.3746
2004-02-13,47.8520
2004-02-06,47.4625
2004-01-30,47.1308
2004-01-23,46.8520
2004-01-16,46.5933
2004-01-09,46.3651
2004-01-02,46.1102
2003-12-26,45.8767
2003-12-19,45.7637
2003-12-12,45.7180
2003-12-05,45.7270
2003-11-28,45.8076
2003-11-21,45.9324
2003-11-14,45.9758
2003-11-07,45.8263
2003-10-31,45.5511
2003-10-24,45.1142
2003-10-17,44.4695
2003-10-10,43.6856
2003-10-03,42.9993
2003-09-26,42.4573
2003-09-19,42.0877
2003-09-12,41.9544
2003-09-05,42.0239
2003-08-29,42.2456
2003-08-22,42.4469
2003-08-15,42.5437
2003-08-08,42.6474
2003-08-01,42.6978
2003-07-25,42.7500
2003-07-18,42.8586
2003-07-11,43.0878
2003-07-03,43.3322
2003-06-27,43.5010
2003-06-20,43.4957
2003-06-13,43.3490
2003-06-06,42.9931
2003-05-30,42.4913
2003-05-23,41.9679
2003-05-16,41.4312
2003-05-09,40.9960
2003-05-02,40.6544
2003-04-25,40.3719
2003-04-17,40.1011
2003-04-11,39.9484
2003-04-04,39.7954
2003-03-28,39.7293
2003-03-21,39.8265
2003-03-14,40.0770
2003-03-07,40.3224
2003-02-28,40.5874
2003-02-21,40.8416
2003-02-14,40.9484
2003-02-07,40.9973
2003-01-31,41.0963
2003-01-24,41.2332
2003-01-17,41.3067
2003-01-10,41.4229
2003-01-03,41.4333
2002-12-27,41.1438
2002-12-20,40.3994
2002-12-13,39.2821
2002-12-06,37.8214
2002-11-29,36.1549
2002-11-22,34.6895
2002-11-15,33.5947
2002-11-08,33.1221
2002-11-01,33.3553
2002-10-25,34.2280
2002-10-18,35.2763
2002-10-11,36.2741
2002-10-04,37.0215
2002-09-27,37.3167
2002-09-20,37.0748
2002-09-13,36.6007
2002-09-06,36.2109
2002-08-30,35.8470
2002-08-23,35.6328
2002-08-16,35.7318
2002-08-09,36.1474
2002-08-02,36.7139
2002-07-26,37.5174
2002-07-19,38.4415
2002-07-12,39.3467
2002-07-05,40.1589
2002-06-28,40.9416
2002-06-21,41.5582
2002-06-14,41.9885
2002-06-07,42.7239
2002-05-31,43.7486
2002-05-24,45.0135
2002-05-17,46.4767
2002-05-10,48.1904
2002-05-03,49.6922
2002-04-26,50.7486
2002-04-19,51.4167
2002-04-12,51.8396
2002-04-05,52.0643
2002-03-28,52.2855
2002-03-22,52.9069
2002-03-15,53.9324
2002-03-08,55.2397
2002-03-01,56.6981
2002-02-22,58.1546
2002-02-15,59.3491
2002-02-08,60.0658
2002-02-01,60.3359
2002-01-25,60.2364
2002-01-18,59.8074
2002-01-11,59.1095
2002-01-04,58.3375
2001-12-28,57.5123
2001-12-21,56.5512
2001-12-14,55.4608
2001-12-07,54.1854
2001-11-30,52.7680
2001-11-23,51.2787
2001-11-16,49.9487
2001-11-09,48.9045
2001-11-02,48.3677
2001-10-26,48.3505
2001-10-19,48.8311
2001-10-12,49.6432
2001-10-05,50.5966
2001-09-28,51.4907
2001-09-21,52.1917
2001-09-10,52.7002
2001-09-07,53.1275
2001-08-31,53.5170
2001-08-24,53.9675
2001-08-17,54.5716
2001-08-10,55.2265
2001-08-03,55.9228
2001-07-27,56.5850
2001-07-20,57.0532
2001-07-13,57.3793
2001-07-06,57.6260
2001-06-29,57.7022
2001-06-22,57.3495
2001-06-15,56.7130
2001-06-08,55.8105
2001-06-01,54.5596
2001-05-25,52.8751
2001-05-18,51.2769
2001-05-11,50.1152
2001-05-04,49.3063
2001-04-27,49.1314
2001-04-20,49.6345
2001-04-12,50.7105
2001-04-06,51.9176
2001-03-30,53.1124
2001-03-23,53.8199
2001-03-16,53.9201
2001-03-09,53.2803
2001-03-02,52.0598
2001-02-23,50.3283
2001-02-16,48.5830
2001-02-09,47.2275
2001-02-02,46.4231
2001-01-26,46.2410
2001-01-19,46.5073
2001-01-12,47.1791
2001-01-05,47.7615
2000-12-29,48.2056
2000-12-22,48.5484
2000-12-15,49.0823
2000-12-08,49.7708
2000-12-01,50.9206
2000-11-24,52.6209
2000-11-17,54.6900
2000-11-10,56.8755
2000-11-03,58.9487
2000-10-27,60.7529
2000-10-20,61.9547
2000-10-13,62.4605
2000-10-06,62.3214
2000-09-29,61.6380
2000-09-22,60.3896
2000-09-15,58.9420
2000-09-08,57.4510
2000-09-01,56.1906
2000-08-25,55.2927
2000-08-18,54.9025
2000-08-11,54.8527
2000-08-04,55.0426
2000-07-28,55.2470
2000-07-21,55.2521
2000-07-14,55.0840
2000-07-07,54.7373
2000-06-30,54.2309
2000-06-23,53.7037
2000-06-16,53.6347
2000-06-09,53.9193
2000-06-02,54.5948
2000-05-26,55.3378
2000-05-19,56.1803
2000-05-12,56.8147
2000-05-05,56.8521
2000-04-28,56.4780
2000-04-20,55.9961
2000-04-14,55.5786
2000-04-07,55.1809
2000-03-31,55.3126
2000-03-24,55.8250
2000-03-17,56.5716
2000-03-10,57.1598
2000-03-03,57.5231
2000-02-25,57.6524
2000-02-18,57.3060
2000-02-11,56.7637
2000-02-04,56.0784
2000-01-28,55.3827
2000-01-21,54.4985
2000-01-14,53.5346
