time,Real Lower Band,Real Middle Band,Real Upper Band
2025-11-07,255.4550,296.0700,336.6850
2025-10-31,254.4129,292.4680,330.5231
2025-10-24,256.6388,287.8480,319.0572
2025-10-17,257.2133,279.6360,302.0587
2025-10-10,235.9353,274.0680,312.2007
2025-10-03,220.3157,268.2100,316.1043
2025-09-26,215.2213,259.2340,303.2467
2025-09-19,224.4726,250.7900,277.1074
2025-09-12,230.6782,245.4540,260.2298
2025-09-05,234.4532,243.2200,251.9868
2025-08-29,234.6324,243.1796,251.7268
2025-08-22,226.3319,246.0679,265.8039
2025-08-15,206.3870,254.4301,302.4733
2025-08-08,211.6423,262.8135,313.9848
2025-08-01,223.7047,272.3514,320.9981
2025-07-25,245.6754,280.2268,314.7781
2025-07-18,272.5619,284.4475,296.3332
2025-07-11,266.4683,282.7294,298.9906
2025-07-03,254.7129,279.8057,304.8986
2025-06-27,242.0731,273.2690,304.4650
2025-06-20,239.8831,267.0978,294.3126
2025-06-13,243.7579,264.2754,284.7929
2025-06-06,237.9611,258.7100,279.4589
2025-05-30,229.7914,253.7515,277.7116
2025-05-23,211.4257,248.1491,284.8725
2025-05-16,207.3712,243.8948,280.4183
2025-05-09,217.4428,237.3687,257.2945
2025-05-02,214.7589,232.7520,250.7451
2025-04-25,215.8640,232.4462,249.0284
2025-04-17,216.5553,234.7072,252.8590
2025-04-11,214.5326,236.5893,258.6461
2025-04-04,209.4745,241.7308,273.9870
2025-03-28,227.2304,246.6552,266.0800
2025-03-21,229.2324,250.1039,270.9754
2025-03-14,237.0821,253.5388,269.9955
2025-03-07,239.5676,253.9946,268.4217
2025-02-28,239.0688,252.5067,265.9447
2025-02-21,205.1576,246.7584,288.3591
2025-02-14,191.7109,239.2246,286.7383
2025-02-07,185.7954,230.7425,275.6896
2025-01-31,186.0867,224.9239,263.7610
2025-01-24,213.0251,218.4722,223.9193
2025-01-17,213.3579,218.1900,223.0221
2025-01-10,208.5137,219.3718,230.2298
2025-01-03,205.0723,222.9562,240.8401
2024-12-27,207.4311,223.8891,240.3471
2024-12-20,207.5810,223.9263,240.2717
2024-12-13,187.7466,220.3262,252.9058
2024-12-06,182.5687,216.6458,250.7229
2024-11-29,184.3045,210.4869,236.6692
2024-11-22,189.0938,207.6595,226.2253
2024-11-15,182.5893,209.1108,235.6324
2024-11-08,184.2724,214.2920,244.3115
2024-11-01,187.9314,216.6797,245.4280
2024-10-25,198.7405,219.1277,239.5149
2024-10-18,201.8963,219.7168,237.5374
2024-10-11,197.2835,216.3316,235.3797
2024-10-04,185.2381,210.0085,234.7788
2024-09-27,181.3257,205.3672,229.4087
2024-09-20,176.0025,200.5567,225.1110
2024-09-13,174.6183,195.9058,217.1932
2024-09-06,179.5449,191.3675,203.1902
2024-08-30,174.5418,188.7902,203.0385
2024-08-23,177.7904,186.4495,195.1085
2024-08-16,171.5411,183.6428,195.7444
2024-08-09,168.8833,181.2063,193.5292
2024-08-02,162.0668,177.9101,193.7534
2024-07-26,155.9247,174.7932,193.6617
2024-07-19,157.5276,171.0749,184.6222
2024-07-12,155.0520,168.3686,181.6852
2024-07-05,158.9420,165.8974,172.8528
2024-06-28,157.6823,164.1298,170.5773
2024-06-21,158.3509,163.7327,169.1146
2024-06-14,159.1787,163.0716,166.9644
2024-06-07,158.1195,162.6745,167.2295
2024-05-31,154.9156,161.5280,168.1403
2024-05-24,154.2099,161.2616,168.3134
2024-05-17,146.8072,162.9741,179.1410
2024-05-10,144.3565,165.1769,185.9972
2024-05-03,142.7895,169.0531,195.3167
2024-04-26,149.8397,173.8718,197.9040
2024-04-19,166.4731,178.3967,190.3203
2024-04-12,170.5662,180.2078,189.8494
2024-04-05,176.2604,182.8185,189.3766
2024-03-28,175.4473,182.6391,189.8309
2024-03-22,171.8744,181.6391,191.4038
2024-03-15,170.8452,181.0284,191.2116
2024-03-08,169.5409,180.1257,190.7106
2024-03-01,173.7444,177.8704,181.9963
2024-02-23,174.1633,177.4023,180.6413
2024-02-16,155.7729,174.3927,193.0126
2024-02-09,143.7351,169.9424,196.1497
2024-02-02,133.0735,164.4842,195.8950
2024-01-26,132.4498,160.2778,188.1059
2024-01-19,143.7733,155.4964,167.2194
2024-01-12,147.6196,153.7469,159.8741
2024-01-05,148.9372,153.0206,157.1040
2023-12-29,150.5794,153.2835,155.9875
2023-12-22,144.0792,151.7004,159.3215
2023-12-15,139.1429,149.9509,160.7588
2023-12-08,133.8310,147.4523,161.0737
2023-12-01,130.4085,144.4799,158.5512
2023-11-24,126.5246,140.7679,155.0113
2023-11-17,119.8375,137.0692,154.3010
2023-11-10,119.3224,134.0468,148.7712
2023-11-03,121.9055,132.4240,142.9425
2023-10-27,125.2597,131.0026,136.7456
2023-10-20,122.2961,131.8236,141.3512
2023-10-13,124.3651,133.4750,142.5850
2023-10-06,127.0835,135.1994,143.3152
2023-09-29,128.4072,136.3047,144.2021
2023-09-22,134.4887,137.2491,140.0096
2023-09-15,129.6360,136.2205,142.8050
2023-09-08,128.5513,135.6838,142.8162
2023-09-01,128.2330,134.7298,141.2265
2023-08-25,129.6987,133.5811,137.4635
2023-08-18,126.3507,132.0830,137.8154
2023-08-11,118.3486,130.2977,142.2468
2023-08-04,114.0924,127.9485,141.8047
2023-07-28,114.2226,126.0204,137.8182
2023-07-21,114.8120,123.4285,132.0450
2023-07-14,115.9073,123.1586,130.4099
2023-07-07,115.8969,123.5099,131.1229
2023-06-30,116.0568,123.5727,131.0887
2023-06-23,113.4749,122.6632,131.8515
2023-06-16,111.6757,122.2620,132.8484
2023-06-09,107.6745,119.5556,131.4367
2023-06-02,106.3521,117.0929,127.8337
2023-05-26,108.4316,115.6660,122.9005
2023-05-19,109.7426,114.7677,119.7929
2023-05-12,110.3642,114.6103,118.8563
2023-05-05,109.3827,115.7003,122.0179
2023-04-28,111.2157,117.0571,122.8986
2023-04-21,110.3561,116.8529,123.3497
2023-04-14,108.6089,116.4809,124.3528
2023-04-06,107.7789,115.9903,124.2017
2023-03-31,108.0986,115.8334,123.5683
2023-03-24,108.4013,115.7386,123.0759
2023-03-17,106.5823,117.5131,128.4439
2023-03-10,109.4621,119.6851,129.9081
2023-03-03,114.4537,121.4762,128.4986
2023-02-24,116.7940,122.0438,127.2935
2023-02-17,117.7254,123.6685,129.6116
2023-02-10,114.4710,125.3267,136.1823
2023-02-03,115.0354,126.4845,137.9336
2023-01-27,116.7503,127.1961,137.6419
2023-01-20,123.4056,128.5039,133.6023
2023-01-13,122.6854,128.3166,133.9477
2023-01-06,121.8241,128.5256,135.2270
2022-12-30,120.0172,129.4209,138.8246
2022-12-23,121.1375,130.7684,140.3993
2022-12-16,123.3084,131.8475,140.3865
2022-12-09,127.0199,132.3897,137.7595
2022-12-02,116.6122,130.2792,143.9462
2022-11-25,113.6435,128.1528,142.6622
2022-11-18,106.5977,124.5478,142.4979
2022-11-11,96.6827,119.3192,141.9557
2022-11-04,92.7117,114.6786,136.6454
2022-10-28,90.5112,111.4477,132.3842
2022-10-21,97.4954,108.6352,119.7750
2022-10-14,99.6140,108.1670,116.7200
2022-10-07,98.4038,109.7958,121.1878
2022-09-30,101.1249,111.3925,121.6602
2022-09-23,106.4661,113.4521,120.4381
2022-09-16,105.4665,116.2397,127.0129
2022-09-09,107.2476,117.4395,127.6314
2022-09-02,108.0271,117.7284,127.4297
2022-08-26,109.0871,117.9694,126.8518
2022-08-19,106.4409,117.3030,128.1650
2022-08-12,106.5845,117.2655,127.9464
2022-08-05,105.0850,118.1007,131.1165
2022-07-29,105.2409,119.6194,133.9979
2022-07-22,108.1356,121.6003,135.0650
2022-07-15,116.3183,122.7903,129.2622
2022-07-08,114.7006,122.1346,129.5687
2022-07-01,114.5924,122.2594,129.9264
2022-06-24,114.7044,121.9343,129.1641
2022-06-17,108.0508,119.5473,131.0438
2022-06-10,107.5337,119.2977,131.0617
2022-06-03,107.5088,119.2645,131.0202
2022-05-27,107.3261,117.4061,127.4861
2022-05-20,108.7394,116.9322,125.1250
2022-05-13,105.1755,116.3250,127.4745
2022-05-06,102.3729,115.0210,127.6692
2022-04-29,102.9667,113.7153,124.4639
2022-04-22,102.9140,113.5660,124.2179
2022-04-14,107.4937,111.9181,116.3426
2022-04-08,104.8718,111.4667,118.0616
2022-04-01,104.4316,111.2739,118.1163
2022-03-25,102.9301,110.2373,117.5445
2022-03-18,104.1783,109.0219,113.8654
2022-03-11,101.0903,109.7043,118.3182
2022-03-04,99.7336,111.7056,123.6776
2022-02-25,100.5012,112.7905,125.0797
2022-02-18,102.9721,113.4156,123.8592
2022-02-11,108.3463,114.8449,121.3436
2022-02-04,108.3699,114.9325,121.4950
2022-01-28,109.1443,114.3338,119.5234
2022-01-21,108.1382,113.6700,119.2017
2022-01-14,106.1885,113.3355,120.4825
2022-01-07,101.3895,111.5996,121.8098
2021-12-31,95.6009,108.8568,122.1128
2021-12-23,91.8373,105.7950,119.7527
2021-12-17,91.5015,103.2941,115.0867
2021-12-10,94.1704,101.8464,109.5224
2021-12-03,95.6871,101.4802,107.2732
2021-11-26,95.5773,101.3356,107.0939
2021-11-19,96.8880,102.1605,107.4331
2021-11-12,88.2962,105.6511,123.0060
2021-11-05,88.5122,108.4176,128.3230
2021-10-29,90.0602,110.6866,131.3129
2021-10-22,97.5970,112.6912,127.7853
2021-10-15,104.8845,113.8803,122.8762
2021-10-08,104.4902,112.6523,120.8145
2021-10-01,105.3468,112.0634,118.7801
2021-09-24,107.5093,111.4308,115.3524
2021-09-17,107.5851,111.6929,115.8008
2021-09-10,108.1581,112.9792,117.8002
2021-09-03,109.7081,113.8555,118.0028
2021-08-27,109.5855,113.8170,118.0485
2021-08-20,109.7361,113.8668,117.9975
2021-08-13,108.3661,113.5749,118.7837
2021-08-06,109.0738,113.0435,117.0132
2021-07-30,110.0576,112.3926,114.7275
2021-07-23,106.7857,113.3330,119.8803
2021-07-16,106.9685,113.6177,120.2668
2021-07-09,105.8656,115.5977,125.3297
2021-07-02,107.2930,116.5413,125.7896
2021-06-25,110.1132,117.1362,124.1593
2021-06-18,109.6140,116.8004,123.9867
2021-06-11,110.4676,117.0499,123.6322
2021-06-04,113.1595,116.1191,119.0786
2021-05-28,110.5985,114.9800,119.3616
2021-05-21,109.2990,114.5165,119.7341
2021-05-14,101.1091,112.4951,123.8810
2021-05-07,99.2453,110.8216,122.3979
2021-04-30,99.1353,108.6281,118.1208
2021-04-23,99.9137,107.7582,115.6028
2021-04-16,99.3882,105.6184,111.8487
2021-04-09,96.2648,104.6727,113.0806
2021-04-01,91.5437,102.6325,113.7214
2021-03-26,86.3582,100.3710,114.3837
2021-03-19,87.6846,97.6207,107.5568
2021-03-12,88.6934,96.3397,103.9860
2021-03-05,91.7696,95.1655,98.5614
2021-02-26,91.6532,94.3290,97.0048
2021-02-19,90.5855,94.0313,97.4771
2021-02-12,87.0822,95.2504,103.4186
2021-02-05,85.9959,96.2051,106.4144
2021-01-29,86.5729,96.8435,107.1140
2021-01-22,89.2468,97.7143,106.1818
2021-01-15,95.2732,98.8443,102.4153
2021-01-08,94.7250,98.2012,101.6775
2020-12-31,95.5845,97.9937,100.4029
2020-12-24,95.1388,97.7549,100.3710
2020-12-18,88.2148,96.5454,104.8759
2020-12-11,85.2191,95.1408,105.0624
2020-12-04,80.6452,93.2966,105.9479
2020-11-27,79.2301,90.6288,102.0276
2020-11-20,82.9371,89.0738,95.2105
2020-11-13,78.8937,90.2034,101.5131
2020-11-06,76.5758,91.6333,106.6908
2020-10-30,78.7503,92.6382,106.5262
2020-10-23,83.6344,93.7602,103.8859
2020-10-16,87.2357,94.8005,102.3653
2020-10-09,87.1663,94.1126,101.0589
2020-10-02,90.1414,93.2677,96.3940
2020-09-25,89.3864,93.9602,98.5340
2020-09-18,91.8347,94.6081,97.3816
2020-09-11,91.5235,94.9944,98.4653
2020-09-04,92.7707,95.5330,98.2954
2020-08-28,91.9078,95.3879,98.8681
2020-08-21,91.9815,95.2495,98.5174
2020-08-14,92.0881,95.3016,98.5152
2020-08-07,87.2506,94.0022,100.7537
2020-07-31,86.2871,92.9555,99.6238
2020-07-24,84.0058,92.0819,100.1581
2020-07-17,85.0260,91.5776,98.1292
2020-07-10,86.4854,91.0915,95.6975
2020-07-02,81.6608,93.1742,104.6876
2020-06-26,82.8742,93.9642,105.0542
2020-06-19,83.7569,94.1465,104.5361
2020-06-12,81.0725,93.3125,105.5524
2020-06-05,81.2831,93.4765,105.6700
2020-05-29,85.0582,91.6829,98.3075
2020-05-22,85.8645,91.4042,96.9438
2020-05-15,85.9338,91.4249,96.9160
2020-05-08,87.7746,91.8667,95.9587
2020-05-01,74.5964,89.1229,103.6495
2020-04-24,70.2222,87.0483,103.8745
2020-04-17,60.9678,82.6518,104.3358
2020-04-09,62.1800,80.8275,99.4750
2020-04-03,58.2837,81.7614,105.2391
2020-03-27,55.7083,85.3305,114.9526
2020-03-20,49.1781,91.5978,134.0175
2020-03-13,64.1964,99.8887,135.5811
2020-03-06,81.8529,106.7032,131.5535
2020-02-28,89.9437,108.8764,127.8092
2020-02-21,97.9774,110.2167,122.4561
2020-02-14,93.6813,108.2717,122.8622
2020-02-07,91.4377,105.9575,120.4773
2020-01-31,95.7159,102.8885,110.0611
2020-01-24,96.7035,101.6336,106.5637
2020-01-17,97.8683,100.8964,103.9245
2020-01-10,98.2747,100.2882,102.3018
2020-01-03,97.9051,99.7735,101.6419
2019-12-27,97.9297,99.7898,101.6499
2019-12-20,97.9740,99.6519,101.3298
2019-12-13,98.4539,99.4754,100.4968
2019-12-06,96.6966,99.9797,103.2628
2019-11-29,97.1047,100.0886,103.0724
2019-11-22,96.8785,100.0018,103.1250
2019-11-15,95.9762,99.7334,103.4907
2019-11-08,93.7474,100.7272,107.7071
2019-11-01,92.7405,101.2786,109.8167
2019-10-25,93.4848,102.4090,111.3331
2019-10-18,95.6973,103.3531,111.0090
2019-10-11,103.4469,104.7576,106.0684
2019-10-04,101.9756,104.4366,106.8975
2019-09-27,96.8919,103.3429,109.7938
2019-09-20,90.0962,101.3387,112.5813
2019-09-13,89.1801,100.1483,111.1164
2019-09-06,91.2032,99.0428,106.8825
2019-08-30,88.2196,99.7754,111.3313
2019-08-23,85.3649,101.8426,118.3202
2019-08-16,90.3884,104.5400,118.6916
2019-08-09,94.8363,105.6173,116.3984
2019-08-02,97.7502,106.1501,114.5500
2019-07-26,93.7003,104.7950,115.8896
2019-07-19,94.1006,103.0326,111.9646
2019-07-12,95.1463,100.9267,106.7072
2019-07-05,93.3255,99.5600,105.7945
2019-06-28,88.1547,97.4744,106.7941
2019-06-21,88.0156,96.6599,105.3042
2019-06-14,89.7001,95.9526,102.2052
2019-06-07,89.6530,95.9773,102.3016
2019-05-31,88.3920,96.7427,105.0933
2019-05-24,93.3063,98.3080,103.3098
2019-05-17,95.3535,99.2342,103.1149
2019-05-10,95.3178,100.4404,105.5630
2019-05-03,97.2205,101.3484,105.4764
2019-04-26,97.5249,101.4702,105.4155
2019-04-18,97.5316,101.4716,105.4116
2019-04-12,97.0531,101.3427,105.6324
2019-04-05,94.2393,100.0165,105.7937
2019-03-29,95.1336,99.4322,103.7308
2019-03-22,95.5156,99.1672,102.8189
2019-03-15,95.4580,98.9639,102.4697
2019-03-08,93.3008,98.1446,102.9885
2019-03-01,91.6524,97.7791,103.9058
2019-02-22,90.6169,96.8065,102.9962
2019-02-15,83.3454,94.3901,105.4348
2019-02-08,79.3877,91.8143,104.2409
2019-02-01,74.8785,89.2712,103.6638
2019-01-25,71.2987,86.2887,101.2788
2019-01-18,72.6924,83.0289,93.3653
2019-01-11,73.9925,82.4740,90.9555
2019-01-04,74.6685,82.1739,89.6793
2018-12-28,72.8433,83.1577,93.4720
2018-12-21,74.5071,83.7465,92.9859
2018-12-14,80.2259,85.2512,90.2765
2018-12-07,80.1830,85.7664,91.3498
2018-11-30,76.8481,85.0412,93.2343
2018-11-23,77.1375,84.8929,92.6483
2018-11-16,77.1117,86.3491,95.5865
2018-11-09,71.7179,88.8277,105.9374
2018-11-02,67.4464,92.1707,116.8950
2018-10-26,75.0885,97.1382,119.1879
2018-10-19,82.9923,100.8505,118.7087
2018-10-12,95.4890,103.5383,111.5876
2018-10-05,99.6426,104.1813,108.7199
2018-09-28,98.7880,103.8248,108.8617
2018-09-21,98.6172,103.1022,107.5873
2018-09-14,100.2973,102.3628,104.4284
2018-09-07,100.3708,101.8247,103.2786
2018-08-31,100.4581,101.9177,103.3773
2018-08-24,99.3418,101.5142,103.6866
2018-08-17,99.3125,101.3380,103.3635
2018-08-10,99.3655,101.0969,102.8283
2018-08-03,97.0156,100.6037,104.1918
2018-07-27,94.3148,99.4975,104.6802
2018-07-20,93.5818,98.9624,104.3431
2018-07-13,93.9015,98.8297,103.7578
2018-07-06,93.8087,98.8629,103.9170
2018-06-29,93.6700,98.7896,103.9092
2018-06-22,95.4287,99.3344,103.2400
2018-06-15,96.7070,99.7215,102.7360
2018-06-08,96.7758,99.5487,102.3216
2018-06-01,97.1355,99.0237,100.9119
2018-05-25,97.6897,99.4295,101.1693
2018-05-18,97.5985,99.3855,101.1726
2018-05-11,91.3330,100.8960,110.4589
2018-05-04,91.9449,101.5583,111.1718
2018-04-27,93.9350,102.8603,111.7857
2018-04-20,94.9683,103.1900,111.4116
2018-04-13,96.8456,105.2907,113.7357
2018-04-06,96.2732,105.6463,115.0194
2018-03-29,97.6782,106.1824,114.6866
2018-03-23,98.1756,106.4682,114.7608
2018-03-16,102.8770,107.4653,112.0535
2018-03-09,99.4663,105.9950,112.5237
2018-03-02,100.1370,105.7379,111.3388
2018-02-23,96.6455,107.2651,117.8847
2018-02-16,97.0543,107.9785,118.9027
2018-02-09,97.6170,108.7059,119.7948
2018-02-02,104.8696,110.2576,115.6455
2018-01-26,100.2582,109.4980,118.7379
2018-01-19,97.7989,107.4888,117.1788
2018-01-12,96.1631,106.1525,116.1420
2018-01-05,97.3703,105.0247,112.6791
2017-12-29,101.8948,103.9782,106.0616
2017-12-22,101.2242,103.7642,106.3043
2017-12-15,98.9013,103.2863,107.6714
2017-12-08,97.6371,102.8341,108.0312
2017-12-01,97.8208,102.1940,106.5672
2017-11-24,99.1402,101.8422,104.5442
2017-11-17,94.2742,103.0104,111.7466
2017-11-10,92.5033,102.5604,112.6176
2017-11-03,90.6726,102.0016,113.3307
2017-10-27,88.4020,101.1303,113.8585
2017-10-20,86.9224,99.9841,113.0459
2017-10-13,95.8621,97.6717,99.4814
2017-10-06,94.4217,97.0484,99.6751
2017-09-29,94.7083,96.7267,98.7451
2017-09-22,94.6573,96.5470,98.4368
2017-09-15,92.1986,95.8191,99.4397
2017-09-08,92.2765,95.4197,98.5628
2017-09-01,92.2674,95.5797,98.8920
2017-08-25,92.4131,95.4058,98.3985
2017-08-18,91.7564,95.6476,99.5388
2017-08-11,89.6022,97.3808,105.1593
2017-08-04,90.5347,98.6546,106.7745
2017-07-28,91.7818,99.8047,107.8276
2017-07-21,95.6989,101.1073,106.5158
2017-07-14,100.6475,102.2084,103.7692
2017-07-07,100.6349,102.1898,103.7446
2017-06-30,99.9469,102.0717,104.1965
2017-06-23,99.4881,101.8940,104.2998
2017-06-16,98.9601,101.6114,104.2627
2017-06-09,98.5734,100.9468,103.3202
2017-06-02,98.8345,100.8732,102.9119
2017-05-26,96.0971,101.7599,107.4226
2017-05-19,95.6639,102.6000,109.5361
2017-05-12,92.8743,104.7097,116.5451
2017-05-05,94.8375,107.3759,119.9143
2017-04-28,98.3195,109.8837,121.4478
2017-04-21,101.6477,111.6623,121.6770
2017-04-13,109.5562,113.6683,117.7803
2017-04-07,110.9866,114.7586,118.5306
2017-03-31,111.1688,115.7977,120.4266
2017-03-24,111.3103,116.7448,122.1793
2017-03-17,113.5153,117.6433,121.7714
2017-03-10,115.4993,118.0414,120.5835
2017-03-03,112.7398,117.5952,122.4507
2017-02-24,111.7838,117.0504,122.3169
2017-02-17,107.7035,115.4550,123.2065
2017-02-10,104.4692,113.5306,122.5920
2017-02-03,104.7067,112.1530,119.5994
2017-01-27,103.2067,110.8719,118.5370
2017-01-20,106.1079,109.4917,112.8755
2017-01-13,106.6227,108.9938,111.3650
2017-01-06,106.4512,108.8870,111.3228
2016-12-30,102.5633,107.6476,112.7319
2016-12-23,102.0465,107.2761,112.5057
2016-12-16,100.8293,106.4524,112.0755
2016-12-09,101.0804,105.7408,110.4013
2016-12-02,95.5236,103.7269,111.9301
2016-11-25,92.4309,102.5833,112.7357
2016-11-18,90.2510,100.6482,111.0454
2016-11-11,91.0668,99.6940,108.3213
2016-11-04,94.8069,98.7828,102.7587
2016-10-28,93.6561,99.6120,105.5679
2016-10-21,94.1702,99.9181,105.6661
2016-10-14,97.0658,100.4619,103.8580
2016-10-07,97.3981,100.6221,103.8461
2016-09-30,96.8054,101.1232,105.4410
2016-09-23,96.9308,101.0548,105.1788
2016-09-16,97.1237,101.7083,106.2930
2016-09-09,98.7435,102.7559,106.7683
2016-09-02,100.7803,103.5837,106.3872
2016-08-26,100.6629,103.5442,106.4256
2016-08-19,101.7228,103.8493,105.9758
2016-08-12,100.8138,103.6389,106.4640
2016-08-05,96.5725,102.5006,108.4287
2016-07-29,93.8371,101.0727,108.3084
2016-07-22,88.7249,99.2761,109.8273
2016-07-15,89.8076,97.9853,106.1630
2016-07-08,91.9852,97.0364,102.0876
2016-07-01,92.3374,96.8353,101.3333
2016-06-24,92.2962,96.8981,101.5000
2016-06-17,92.8824,96.9826,101.0828
2016-06-10,91.5077,96.4358,101.3639
2016-06-03,90.6516,95.7853,100.9190
2016-05-27,89.5407,94.7193,99.8979
2016-05-20,91.8164,93.9845,96.1526
2016-05-13,90.8744,94.3740,97.8735
2016-05-06,90.8835,94.4026,97.9217
2016-04-29,90.4108,94.8885,99.3662
2016-04-22,91.7202,95.1435,98.5667
2016-04-15,90.9709,94.9646,98.9583
2016-04-08,87.4788,93.7773,100.0758
2016-04-01,82.7243,92.3121,101.8999
2016-03-24,78.3936,89.7130,101.0323
2016-03-18,77.0492,87.8267,98.6042
2016-03-11,70.9525,84.5222,98.0919
2016-03-04,71.7802,82.6076,93.4351
2016-02-26,71.9055,80.7969,89.6883
2016-02-19,70.8362,79.4305,88.0249
2016-02-12,72.9362,78.8765,84.8167
2016-02-05,73.6942,80.0506,86.4070
2016-01-29,71.1579,81.1870,91.2160
2016-01-22,72.0601,82.8771,93.6941
2016-01-15,78.3499,84.4341,90.5183
2016-01-08,80.5309,85.0042,89.4774
2015-12-31,81.9906,86.1092,90.2278
2015-12-24,81.9816,86.2146,90.4477
2015-12-18,81.9701,86.2460,90.5219
2015-12-11,79.9374,85.8505,91.7636
2015-12-04,80.7171,86.3126,91.9081
2015-11-27,81.0124,86.1048,91.1971
2015-11-20,79.7535,86.7166,93.6796
2015-11-13,77.2371,88.0336,98.8301
2015-11-06,80.6868,90.4470,100.2072
2015-10-30,82.8114,91.0727,99.3340
2015-10-23,85.6580,91.7370,97.8160
2015-10-16,85.5810,91.7159,97.8507
2015-10-09,85.8279,91.3402,96.8525
2015-10-02,87.9238,90.2592,92.5946
2015-09-25,87.6234,90.6821,93.7409
2015-09-18,87.3520,91.1088,94.8656
2015-09-11,85.1842,92.5070,99.8299
2015-09-04,84.9620,93.4711,101.9802
2015-08-28,86.7958,95.5801,104.3644
2015-08-21,89.4516,96.8803,104.3090
2015-08-14,88.8476,99.6466,110.4455
2015-08-07,90.4103,100.8685,111.3267
2015-07-31,93.8095,101.9394,110.0692
2015-07-24,94.8072,102.3674,109.9277
2015-07-17,98.3240,103.2606,108.1973
2015-07-10,101.0216,102.5796,104.1377
2015-07-02,100.9200,102.6352,104.3503
2015-06-26,100.6998,103.1977,105.6957
2015-06-19,100.2556,104.0317,107.8078
2015-06-12,100.1639,104.8052,109.4466
2015-06-05,101.4367,105.5072,109.5778
2015-05-29,103.8158,106.1182,108.4206
2015-05-22,102.8424,105.9753,109.1083
2015-05-15,94.8176,104.4000,113.9824
2015-05-08,92.8629,102.9645,113.0662
2015-05-01,91.5576,101.3055,111.0535
2015-04-24,93.0828,99.6808,106.2789
2015-04-17,96.7032,98.8360,100.9689
2015-04-10,92.2809,98.0537,103.8265
2015-04-02,92.2488,97.5199,102.7910
2015-03-27,92.1085,97.7023,103.2961
2015-03-20,91.7364,98.1002,104.4640
2015-03-13,91.8790,97.7966,103.7141
2015-03-06,93.5997,98.0953,102.5909
2015-02-27,89.8419,97.3291,104.8162
2015-02-20,89.0222,96.4529,103.8836
2015-02-13,90.6296,95.5217,100.4139
2015-02-06,91.6334,95.2280,98.8226
2015-01-30,90.3502,95.7435,101.1368
2015-01-23,92.1331,96.8414,101.5496
2015-01-16,93.4454,97.1624,100.8793
2015-01-09,92.2828,96.9484,101.6139
2015-01-02,92.0756,97.4541,102.8327
2014-12-26,92.0647,97.4675,102.8704
2014-12-19,92.1495,97.2949,102.4402
2014-12-12,92.3350,97.9818,103.6286
2014-12-05,96.7747,98.7952,100.8156
2014-11-28,96.7725,98.7973,100.8222
2014-11-21,96.3283,98.6530,100.9778
2014-11-14,87.6563,101.0723,114.4882
2014-11-07,84.9523,103.5661,122.1799
2014-10-31,86.4402,106.6449,126.8497
2014-10-24,91.2461,109.7436,128.2411
2014-10-17,106.3401,113.5982,120.8563
2014-10-10,109.8540,114.7128,119.5715
2014-10-03,112.1679,115.3491,118.5304
2014-09-26,113.3923,115.7875,118.1827
2014-09-19,113.5899,115.8298,118.0696
2014-09-12,111.9907,115.0303,118.0700
2014-09-05,110.4794,114.4688,118.4583
2014-08-29,110.2845,114.0870,117.8894
2014-08-22,109.8271,114.2025,118.5780
2014-08-15,109.7117,114.3182,118.9247
2014-08-08,109.5068,114.2596,119.0123
2014-08-01,109.8597,114.3552,118.8506
2014-07-25,105.5811,113.4620,121.3429
2014-07-18,104.2877,111.9194,119.5511
2014-07-11,105.1041,110.7261,116.3481
2014-07-03,105.4785,110.5304,115.5824
2014-06-27,106.7403,110.0298,113.3194
2014-06-20,107.1722,110.5376,113.9030
2014-06-13,108.2917,111.1991,114.1065
2014-06-06,108.7141,112.1019,115.4896
2014-05-30,108.3809,112.5777,116.7746
2014-05-23,110.0200,113.0789,116.1377
2014-05-16,111.3153,113.4357,115.5560
2014-05-09,110.7465,114.2763,117.8060
2014-05-02,110.8241,114.3462,117.8682
2014-04-25,110.6057,114.2280,117.8503
2014-04-17,108.9382,113.8747,118.8112
2014-04-11,104.9656,112.9437,120.9219
2014-04-04,106.0927,112.0474,118.0021
2014-03-28,106.3779,111.2597,116.1414
2014-03-21,106.5373,110.3454,114.1535
2014-03-14,106.4813,109.9897,113.4981
2014-03-07,103.2117,109.3977,115.5838
2014-02-28,101.2866,107.9708,114.6550
2014-02-21,101.6296,107.1948,112.7599
2014-02-14,99.1914,107.9433,116.6953
2014-02-07,98.8058,108.2485,117.6913
2014-01-31,100.2655,109.2487,118.2319
2014-01-24,104.0936,110.2459,116.3981
2014-01-17,104.3764,110.2910,116.2056
2014-01-10,98.5969,108.2385,117.8801
2014-01-03,98.1547,107.1001,116.0455
2013-12-27,99.2110,106.2739,113.3368
2013-12-20,100.5125,105.8252,111.1379
2013-12-13,99.8563,106.2015,112.5467
2013-12-06,103.7981,107.0550,110.3119
2013-11-29,104.1789,107.1280,110.0771
2013-11-22,102.2384,106.6813,111.1243
2013-11-15,99.4255,105.6798,111.9342
2013-11-08,98.5616,105.9159,113.2702
2013-11-01,98.2121,106.2885,114.3649
2013-10-25,97.8558,107.1966,116.5374
2013-10-18,98.9314,108.7517,118.5721
2013-10-11,105.8418,110.9233,116.0047
2013-10-04,104.4323,110.5537,116.6750
2013-09-27,103.5272,110.3376,117.1480
2013-09-20,103.2728,110.1604,117.0481
2013-09-13,103.4238,109.6078,115.7919
2013-09-06,105.6118,109.0942,112.5765
2013-08-30,103.3316,110.4110,117.4903
2013-08-23,103.9489,112.0748,120.2008
2013-08-16,105.6961,112.9191,120.1421
2013-08-09,108.4949,113.6001,118.7053
2013-08-02,111.2204,114.3243,117.4281
2013-07-26,109.9732,113.8485,117.7237
2013-07-19,110.7183,113.6264,116.5345
2013-07-12,107.7885,114.6439,121.4992
2013-07-05,106.6459,116.3216,125.9973
2013-06-28,106.5158,117.8596,129.2033
2013-06-21,111.7025,119.5761,127.4498
2013-06-14,117.1946,121.1011,125.0077
2013-06-07,118.7806,121.3679,123.9551
2013-05-31,117.6628,121.0407,124.4187
2013-05-24,110.2930,119.3245,128.3561
2013-05-17,104.5338,117.3745,130.2153
2013-05-10,103.8984,117.6053,131.3122
2013-05-03,103.3471,118.0721,132.7971
2013-04-26,102.2814,119.1001,135.9188
2013-04-19,105.9011,121.1782,136.4554
2013-04-12,120.8506,124.0926,127.3346
2013-04-05,120.5066,123.9756,127.4447
2013-03-28,115.8872,123.2155,130.5438
2013-03-22,112.3907,121.7875,131.1844
2013-03-15,110.6410,120.4894,130.3378
2013-03-08,112.7087,118.9410,125.1734
2013-03-01,116.0167,118.2319,120.4470
2013-02-22,115.7901,118.3718,120.9536
2013-02-15,110.7031,117.5019,124.3006
2013-02-08,108.1270,116.6425,125.1579
2013-02-01,106.4239,115.6476,124.8713
2013-01-25,105.0818,113.8600,122.6383
2013-01-18,109.4693,112.5149,115.5606
2013-01-11,109.2385,112.1993,115.1602
2013-01-04,109.3690,111.9082,114.4474
2012-12-28,109.1414,111.4517,113.7620
2012-12-21,109.6785,111.8779,114.0773
2012-12-14,107.2248,111.1233,115.0218
2012-12-07,107.0012,110.8764,114.7516
2012-11-30,106.9026,110.9490,114.9955
2012-11-23,107.0144,111.2221,115.4297
2012-11-16,107.2090,111.1072,115.0055
2012-11-09,102.7045,113.4294,124.1543
2012-11-02,102.1765,115.7606,129.3446
2012-10-26,104.2153,117.3860,130.5568
2012-10-19,108.3807,118.8596,129.3386
2012-10-12,117.7056,120.4190,123.1325
2012-10-05,113.1356,119.4567,125.7779
2012-09-28,109.0470,117.6318,126.2167
2012-09-21,108.3873,116.5095,124.6317
2012-09-14,109.0184,115.9577,122.8969
2012-09-07,111.3660,115.0858,118.8056
2012-08-31,111.2277,114.8743,118.5209
2012-08-24,111.6827,114.9560,118.2293
2012-08-17,108.5085,114.2443,119.9802
2012-08-10,103.6399,112.3892,121.1384
2012-08-03,103.8869,111.3812,118.8754
2012-07-27,104.6630,111.0418,117.4206
2012-07-20,105.1470,110.7312,116.3154
2012-07-13,103.9261,111.4989,119.0717
2012-07-06,108.1897,112.5530,116.9163
2012-06-29,106.6592,112.2840,117.9087
2012-06-22,106.5868,112.1362,117.6856
2012-06-15,106.7663,112.3879,118.0094
2012-06-08,105.9498,112.6269,119.3039
2012-06-01,104.5196,113.6646,122.8096
2012-05-25,107.7600,115.6112,123.4623
2012-05-18,109.8679,116.1262,122.3846
2012-05-11,112.5509,116.8268,121.1027
2012-05-04,112.8736,117.2235,121.5734
2012-04-27,112.1769,117.6443,123.1117
2012-04-20,112.2624,117.4914,122.7204
2012-04-13,115.0199,118.2283,121.4367
2012-04-05,113.5024,117.9777,122.4530
2012-03-30,110.9385,117.2120,123.4856
2012-03-23,110.0920,115.9601,121.8283
2012-03-16,107.5077,114.5737,121.6396
2012-03-09,107.5596,113.0113,118.4631
2012-03-02,107.5136,112.1227,116.7318
2012-02-24,106.6057,111.0780,115.5502
2012-02-17,106.2275,109.9318,113.6361
2012-02-10,99.1855,108.2127,117.2399
2012-02-03,97.9179,106.9956,116.0733
2012-01-27,98.8551,105.8779,112.9008
2012-01-20,99.9969,105.2240,110.4512
2012-01-13,101.3195,104.6572,107.9948
2012-01-06,98.8506,106.4207,113.9909
2011-12-30,99.9326,107.2361,114.5396
2011-12-23,96.3210,106.4551,116.5892
2011-12-16,96.4049,106.5112,116.6175
2011-12-09,97.0489,106.9475,116.8461
2011-12-02,98.6020,105.9256,113.2492
2011-11-25,99.1463,105.5869,112.0275
2011-11-18,102.1373,106.0273,109.9172
2011-11-11,101.5282,106.5460,111.5638
2011-11-04,100.2493,105.8913,111.5332
2011-10-28,95.3920,104.5784,113.7649
2011-10-21,90.2015,102.5128,114.8240
2011-10-14,88.5839,101.5273,114.4707
2011-10-07,86.4207,98.2013,109.9819
2011-09-30,88.3198,96.4436,104.5674
2011-09-23,89.2533,95.7901,102.3268
2011-09-16,85.0139,94.4442,103.8745
2011-09-09,86.2655,93.8978,101.5301
2011-09-02,86.6681,95.1334,103.5988
2011-08-26,83.8169,96.7363,109.6558
2011-08-19,82.1421,98.4710,114.7998
2011-08-12,90.4057,100.4341,110.4625
2011-08-05,93.7076,101.2893,108.8710
2011-07-29,94.4817,101.4664,108.4511
2011-07-22,88.6738,99.5611,110.4483
2011-07-15,88.1534,97.2061,106.2588
2011-07-08,86.2715,95.8026,105.3338
2011-07-01,87.5207,94.5037,101.4867
2011-06-24,91.3110,93.7043,96.0975
2011-06-17,90.0534,94.2822,98.5110
2011-06-10,90.2696,94.9045,99.5393
2011-06-03,92.3542,95.5528,98.7515
2011-05-27,94.4263,96.0951,97.7640
2011-05-20,94.4523,96.0992,97.7461
2011-05-13,92.7315,95.5673,98.4030
2011-05-06,90.8111,94.8184,98.8256
2011-04-29,90.0085,94.2113,98.4142
2011-04-21,89.7365,93.2617,96.7870
2011-04-15,85.8376,91.8611,97.8846
2011-04-08,86.2556,91.4338,96.6120
2011-04-01,86.3616,91.1828,96.0040
2011-03-25,86.6784,90.9579,95.2373
2011-03-18,86.2170,91.2586,96.3002
2011-03-11,90.2535,92.1584,94.0633
2011-03-04,90.4285,92.2636,94.0987
2011-02-25,88.2331,91.8972,95.5614
2011-02-18,84.6507,91.0622,97.4738
2011-02-11,80.1351,89.3185,98.5020
2011-02-04,77.5061,87.4536,97.4012
2011-01-28,77.5116,85.5123,93.5131
2011-01-21,78.2176,84.0124,89.8073
2011-01-14,79.8960,82.8301,85.7641
2011-01-07,80.2952,82.2468,84.1984
2010-12-31,80.7792,81.9596,83.1401
2010-12-23,80.5226,81.6376,82.7526
2010-12-17,80.7002,81.5430,82.3858
2010-12-10,80.3100,81.4011,82.4922
2010-12-03,79.9670,81.5645,83.1620
2010-11-26,79.3425,81.2926,83.2427
2010-11-19,76.5981,80.7468,84.8955
2010-11-12,75.9467,80.2273,84.5079
2010-11-05,74.6762,79.6076,84.5390
2010-10-29,73.9421,78.3430,82.7440
2010-10-22,72.9272,77.2791,81.6310
2010-10-15,69.8715,76.2163,82.5611
2010-10-08,68.2475,74.7511,81.2547
2010-10-01,68.0354,73.4876,78.9399
2010-09-24,67.0129,72.2645,77.5162
2010-09-17,68.6005,71.5235,74.4466
2010-09-10,69.2195,71.2634,73.3073
2010-09-03,68.6147,71.5044,74.3942
2010-08-27,68.6319,71.5248,74.4178
2010-08-20,70.2210,71.8625,73.5040
2010-08-13,70.1820,71.8506,73.5191
2010-08-06,70.0255,71.7894,73.5533
2010-07-30,66.5444,70.7932,75.0421
2010-07-23,66.5671,70.6505,74.7338
2010-07-16,66.2147,70.8479,75.4811
2010-07-09,66.2023,70.8948,75.5872
2010-07-02,65.8335,70.5958,75.3581
2010-06-25,67.8262,70.9751,74.1240
2010-06-18,67.3999,70.7854,74.1709
2010-06-11,66.9369,70.9014,74.8660
2010-06-04,65.2613,70.1931,75.1249
2010-05-28,65.3817,70.5330,75.6843
2010-05-21,65.6513,70.9850,76.3186
2010-05-14,66.1747,71.4901,76.8055
2010-05-07,66.4440,71.1441,75.8442
2010-04-30,70.3186,71.7555,73.1923
2010-04-23,70.3699,71.7843,73.1987
2010-04-16,69.8704,71.5313,73.1922
2010-04-09,70.2977,71.2328,72.1679
2010-04-01,69.9445,71.0652,72.1860
2010-03-26,69.6874,70.9443,72.2012
2010-03-19,70.1885,70.7146,71.2406
2010-03-12,67.9987,70.3029,72.6071
2010-03-05,66.3302,69.6901,73.0499
2010-02-26,65.2962,69.0898,72.8833
2010-02-19,65.6680,68.8430,72.0180
2010-02-12,63.7224,69.2866,74.8509
2010-02-05,63.4806,69.9815,76.4825
2010-01-29,64.7404,70.8576,76.9747
2010-01-22,68.0379,71.7612,75.4845
2010-01-15,69.8560,72.0274,74.1989
2010-01-08,69.9315,71.7955,73.6594
2009-12-31,69.0028,71.3978,73.7927
2009-12-24,67.9493,70.8233,73.6974
2009-12-18,68.2621,70.4245,72.5869
2009-12-11,68.1779,70.3273,72.4767
2009-12-04,67.3121,69.6435,71.9750
2009-11-27,64.5059,68.8509,73.1959
2009-11-20,62.9801,68.2020,73.4240
2009-11-13,63.0902,67.5548,72.0193
2009-11-06,63.8313,67.3716,70.9118
2009-10-30,62.9235,66.8195,70.7154
2009-10-23,63.0224,66.8711,70.7199
2009-10-16,63.3524,67.0636,70.7748
2009-10-09,62.1279,66.6688,71.2097
2009-10-02,62.8053,65.7373,68.6692
2009-09-25,62.5945,65.6493,68.7040
2009-09-18,62.7340,65.5195,68.3050
2009-09-11,63.7880,65.1302,66.4723
2009-09-04,63.8669,65.2709,66.6750
2009-08-28,63.8193,65.2621,66.7050
2009-08-21,63.3487,65.1380,66.9273
2009-08-14,62.0822,64.5861,67.0900
2009-08-07,51.2486,62.5833,73.9181
2009-07-31,47.8640,60.5955,73.3270
2009-07-24,47.7898,59.2545,70.7193
2009-07-17,49.4751,57.9683,66.4615
2009-07-10,52.6389,57.1790,61.7191
2009-07-02,54.2492,57.8807,61.5122
2009-06-26,56.8321,58.3788,59.9255
2009-06-19,54.4150,57.9639,61.5128
2009-06-12,52.8359,57.4691,62.1023
2009-06-05,52.5301,56.7335,60.9369
2009-05-29,53.2654,56.3857,59.5060
2009-05-22,53.2858,55.6497,58.0137
2009-05-15,53.0969,55.5239,57.9509
2009-05-08,53.0678,55.5018,57.9357
2009-05-01,53.0821,55.5232,57.9643
2009-04-24,49.5611,54.3841,59.2072
2009-04-17,46.7671,53.5598,60.3525
2009-04-09,44.4228,52.3718,60.3208
2009-04-03,41.8380,50.6414,59.4448
2009-03-27,44.8770,49.5318,54.1866
2009-03-20,44.9792,48.9481,52.9171
2009-03-13,44.5971,49.0930,53.5888
2009-03-06,43.7499,49.7224,55.6949
2009-02-27,46.2573,50.3067,54.3560
2009-02-20,45.3518,49.9797,54.6075
2009-02-13,42.9406,49.5104,56.0803
2009-02-06,41.2143,48.4674,55.7205
2009-01-30,43.1262,47.4632,51.8001
2009-01-23,41.8794,46.3452,50.8109
2009-01-16,42.4996,45.6984,48.8972
2009-01-09,41.9727,45.4038,48.8348
2009-01-02,41.0719,44.9585,48.8452
2008-12-26,42.7361,44.3335,45.9309
2008-12-19,38.7709,43.6347,48.4986
2008-12-12,39.0493,43.2892,47.5290
2008-12-05,37.8329,43.7301,49.6272
2008-11-28,35.4117,45.0124,54.6132
2008-11-21,35.4099,45.0114,54.6129
2008-11-14,39.0241,46.6765,54.3288
2008-11-07,41.4179,47.4248,53.4317
2008-10-31,37.8379,49.2194,60.6010
2008-10-24,30.5050,52.0681,73.6311
2008-10-17,34.3862,56.0292,77.6722
2008-10-10,38.8217,59.0653,79.3088
2008-10-03,52.1225,61.9279,71.7333
2008-09-26,60.0149,63.8977,67.7805
2008-09-19,58.8232,64.4911,70.1590
2008-09-12,58.3339,65.2999,72.2660
2008-09-05,58.2731,66.3597,74.4463
2008-08-29,63.9059,67.6329,71.3598
2008-08-22,66.0666,68.3118,70.5571
2008-08-15,66.7009,68.7921,70.8832
2008-08-08,63.7603,68.2847,72.8092
2008-08-01,60.9389,67.2367,73.5345
2008-07-25,59.5433,66.5297,73.5161
2008-07-18,59.9347,65.9085,71.8824
2008-07-11,61.7287,65.5073,69.2859
2008-07-03,61.6178,65.8098,70.0018
2008-06-27,61.7825,66.8709,71.9593
2008-06-20,63.6827,67.3161,70.9495
2008-06-13,64.7931,67.8611,70.9291
2008-06-06,64.1731,67.6369,71.1006
2008-05-30,63.2977,67.3950,71.4924
2008-05-23,63.6078,66.6608,69.7138
2008-05-16,63.5661,66.6287,69.6914
2008-05-09,60.2133,65.3107,70.4082
2008-05-02,58.2982,64.3705,70.4427
2008-04-25,56.8557,63.4505,70.0452
2008-04-18,57.3137,62.9429,68.5721
2008-04-11,59.9203,61.9631,64.0058
2008-04-04,59.3200,61.7429,64.1659
2008-03-28,58.8988,61.5399,64.1811
2008-03-20,55.5109,60.8454,66.1798
2008-03-14,53.7347,59.5450,65.3552
2008-03-07,51.4757,58.2670,65.0584
2008-02-29,52.1257,57.7029,63.2800
2008-02-22,53.2719,56.6619,60.0519
2008-02-15,52.7206,56.1204,59.5202
2008-02-08,49.3694,55.1731,60.9767
2008-02-01,48.8772,54.9028,60.9285
2008-01-25,48.4665,55.0103,61.5542
2008-01-18,47.4638,55.7054,63.9470
2008-01-11,47.7631,55.9577,64.1523
2008-01-04,51.4072,57.1488,62.8903
2007-12-28,53.8590,57.5799,61.3007
2007-12-21,52.8111,56.9369,61.0628
2007-12-14,53.6174,56.2706,58.9238
2007-12-07,51.2990,55.6835,60.0680
2007-11-30,48.9202,56.2497,63.5792
2007-11-23,48.3687,57.1163,65.8639
2007-11-16,49.2651,57.9494,66.6338
2007-11-09,49.9335,59.2903,68.6472
2007-11-02,57.8732,60.9538,64.0345
2007-10-26,57.7560,61.2943,64.8326
2007-10-19,58.3679,61.6178,64.8676
2007-10-12,60.3208,61.9201,63.5194
2007-10-05,60.1861,61.6804,63.1746
2007-09-28,60.2085,61.7217,63.2349
2007-09-21,59.1885,61.2381,63.2877
2007-09-14,57.3816,60.6145,63.8473
2007-09-07,57.0526,60.3504,63.6481
2007-08-31,56.7008,59.9203,63.1399
2007-08-24,57.3722,59.7636,62.1549
2007-08-17,57.2588,59.8871,62.5154
2007-08-10,55.6861,59.6026,63.5190
2007-08-03,54.6176,59.1789,63.7402
2007-07-27,52.2160,58.4771,64.7382
2007-07-20,51.4870,57.2956,63.1041
2007-07-13,53.2104,56.2683,59.3262
2007-07-06,52.5417,55.6838,58.8260
2007-06-29,53.6263,55.4207,57.2151
2007-06-22,53.6256,55.4133,57.2010
2007-06-15,53.1904,55.7885,58.3866
2007-06-08,53.3066,55.8825,58.4585
2007-06-01,52.9817,55.8289,58.6761
2007-05-25,51.1830,55.2202,59.2573
2007-05-18,46.5028,54.0613,61.6198
2007-05-11,45.3696,52.6424,59.9151
2007-05-04,46.2267,51.6032,56.9797
2007-04-27,46.6450,50.6873,54.7296
2007-04-20,48.8136,50.0409,51.2681
2007-04-13,48.2115,49.9009,51.5903
2007-04-05,47.7976,49.7272,51.6567
2007-03-30,46.9396,49.1355,51.3314
2007-03-23,45.9235,49.5008,53.0781
2007-03-16,45.1247,49.9177,54.7107
2007-03-09,45.3936,50.4757,55.5578
2007-03-02,46.1914,51.0644,55.9374
2007-02-23,50.6090,51.7231,52.8373
2007-02-16,49.6357,51.5285,53.4213
2007-02-09,49.6260,51.5339,53.4418
2007-02-02,49.5064,51.3841,53.2618
2007-01-26,49.5533,51.1721,52.7909
2007-01-19,48.7820,50.9412,53.1004
2007-01-12,48.4550,50.8499,53.2447
2007-01-05,48.1904,50.2747,52.3590
2006-12-29,46.5436,49.6271,52.7105
2006-12-22,46.8865,49.2282,51.5699
2006-12-15,47.0183,49.0771,51.1359
2006-12-08,46.9909,48.7055,50.4201
2006-12-01,46.6681,48.4174,50.1666
2006-11-24,46.3140,48.3352,50.3563
2006-11-17,45.9703,48.0032,50.0362
2006-11-10,43.8506,47.1627,50.4748
2006-11-03,41.1686,46.2298,51.2909
2006-10-27,39.5267,45.2390,50.9513
2006-10-20,38.9198,44.2398,49.5599
2006-10-13,40.8421,43.4510,46.0599
2006-10-06,41.3780,42.8839,44.3898
2006-09-29,41.4918,42.7029,43.9140
2006-09-22,40.9018,42.4874,44.0729
2006-09-15,40.5606,42.3503,44.1401
2006-09-08,38.3192,41.5698,44.8205
2006-09-01,37.2100,41.0414,44.8728
2006-08-25,37.4213,40.5439,43.6665
2006-08-18,37.0809,39.9876,42.8943
2006-08-11,37.5156,39.2948,41.0740
2006-08-04,37.4765,39.3614,41.2464
2006-07-28,37.4063,39.4563,41.5062
2006-07-21,37.3783,39.4709,41.5634
2006-07-14,37.4666,39.7929,42.1192
2006-07-07,39.2760,40.2555,41.2351
2006-06-30,39.1050,40.5786,42.0521
2006-06-23,38.9539,40.9881,43.0223
2006-06-16,39.5239,41.3195,43.1151
2006-06-09,39.5318,41.7822,44.0325
2006-06-02,40.3607,42.2689,44.1771
2006-05-26,41.0573,42.5318,44.0064
2006-05-19,41.2567,42.5960,43.9353
2006-05-12,42.0044,42.7423,43.4802
2006-05-05,42.0215,42.7207,43.4199
2006-04-28,42.1704,42.6678,43.1651
2006-04-21,41.8772,42.7737,43.6701
2006-04-13,42.1158,42.9440,43.7721
2006-04-07,41.8793,42.9014,43.9235
2006-03-31,40.6672,42.6397,44.6122
2006-03-24,40.0929,42.3936,44.6944
2006-03-17,40.2099,42.1185,44.0271
2006-03-10,40.9153,41.9139,42.9126
2006-03-03,40.8367,41.7273,42.6179
2006-02-24,40.9596,41.8166,42.6736
2006-02-17,41.0834,41.9266,42.7697
2006-02-10,40.5550,42.1607,43.7663
2006-02-03,39.7777,42.5148,45.2518
2006-01-27,40.5460,42.7457,44.9455
2006-01-20,41.1122,43.0005,44.8889
2006-01-13,41.8371,43.2087,44.5803
2006-01-06,41.0549,43.6023,46.1498
2005-12-30,40.1806,43.9855,47.7905
2005-12-23,40.9438,44.6691,48.3945
2005-12-16,42.0319,45.1135,48.1950
2005-12-09,42.8335,45.2357,47.6379
2005-12-02,41.0615,44.8039,48.5462
2005-11-25,39.5641,44.0348,48.5054
2005-11-18,40.0184,43.4475,46.8766
2005-11-11,41.1540,42.8657,44.5773
2005-11-04,40.8146,42.4262,44.0378
2005-10-28,40.3454,42.1389,43.9325
2005-10-21,38.9245,41.7855,44.6466
2005-10-14,39.3349,41.4756,43.6162
2005-10-07,39.6235,41.3815,43.1396
2005-09-30,39.5121,41.2741,43.0361
2005-09-23,39.5115,41.2906,43.0697
2005-09-16,40.0266,41.7824,43.5383
2005-09-09,40.1198,41.9746,43.8294
2005-09-02,39.9391,42.1524,44.3657
2005-08-26,40.9107,42.5451,44.1795
2005-08-19,41.9004,42.9437,43.9870
2005-08-12,41.6937,42.8841,44.0745
2005-08-05,39.8312,42.5658,45.3005
2005-07-29,36.1975,41.6701,47.1427
2005-07-22,34.3302,40.6960,47.0617
2005-07-15,35.0574,39.8662,44.6750
2005-07-08,36.1370,39.0817,42.0265
2005-07-01,37.4045,38.7199,40.0353
2005-06-24,37.2589,38.9704,40.6819
2005-06-17,38.0112,39.2178,40.4244
2005-06-10,36.7574,38.8849,41.0123
2005-06-03,36.8614,38.9354,41.0093
2005-05-27,36.8658,38.9753,41.0848
2005-05-20,36.7258,38.6571,40.5885
2005-05-13,36.7040,38.6661,40.6281
2005-05-06,32.6625,40.1306,47.5988
2005-04-29,31.4743,41.6707,51.8670
2005-04-22,32.2728,43.1429,54.0129
2005-04-15,36.6154,44.6922,52.7689
2005-04-08,44.1231,46.2147,48.3063
2005-04-01,45.1024,46.7051,48.3079
2005-03-24,45.0125,46.9477,48.8830
2005-03-18,45.0410,47.2119,49.3829
2005-03-11,46.6006,47.6252,48.6499
2005-03-04,46.9065,47.9151,48.9237
2005-02-25,47.0633,47.9503,48.8374
2005-02-18,46.7955,47.8890,48.9826
2005-02-11,46.7631,47.9559,49.1487
2005-02-04,46.3359,48.1921,50.0483
2005-01-28,45.1523,48.6097,52.0671
2005-01-21,45.5980,49.1053,52.6126
2005-01-14,47.0950,49.4973,51.8996
2005-01-07,48.1836,49.7610,51.3384
2004-12-31,48.6144,49.8944,51.1743
2004-12-23,47.9423,49.4983,51.0542
2004-12-17,47.5424,49.1628,50.7831
2004-12-10,47.4583,49.0725,50.6866
2004-12-03,46.7117,48.7062,50.7007
2004-11-26,44.7649,47.9363,51.1078
2004-11-19,42.4523,47.1670,51.8816
2004-11-12,40.2422,46.1651,52.0881
2004-11-05,40.8061,45.2645,49.7230
2004-10-29,42.1672,44.5927,47.0182
2004-10-22,42.2643,44.0479,45.8315
2004-10-15,42.4383,43.8789,45.3195
2004-10-08,42.6823,44.0745,45.4667
2004-10-01,42.2327,43.8369,45.4411
2004-09-24,42.2757,43.6546,45.0335
2004-09-17,42.5062,43.7386,44.9710
2004-09-10,42.0600,43.5512,45.0424
2004-09-03,42.2196,43.2153,44.2109
2004-08-27,41.6462,43.4705,45.2948
2004-08-20,41.6140,43.4426,45.2713
2004-08-13,41.4817,43.3247,45.1677
2004-08-06,41.4217,43.3042,45.1867
2004-07-30,41.5576,43.6496,45.7415
2004-07-23,40.6595,43.9030,47.1466
2004-07-16,40.5015,44.4355,48.3694
2004-07-09,41.2928,45.0670,48.8412
2004-07-02,43.3346,45.4421,47.5496
2004-06-25,43.9925,45.6005,47.2084
2004-06-18,43.3304,45.3531,47.3758
2004-06-10,42.8260,44.9801,47.1343
2004-06-04,43.5680,44.7482,45.9284
2004-05-28,43.5855,44.7922,45.9989
2004-05-21,42.5990,45.0481,47.4973
2004-05-14,42.3244,45.5552,48.7861
2004-05-07,43.1237,46.2216,49.3195
2004-04-30,43.6677,46.8162,49.9647
2004-04-23,45.8149,47.2853,48.7558
2004-04-16,45.9994,47.3200,48.6406
2004-04-08,46.1438,47.4240,48.7043
2004-04-02,45.2820,47.7637,50.2454
2004-03-26,44.9511,47.9982,51.0453
2004-03-19,45.1099,48.4612,51.8126
2004-03-12,46.1449,49.2863,52.4277
2004-03-05,47.8437,49.8615,51.8792
2004-02-27,48.2916,50.1287,51.9657
2004-02-20,48.8942,50.2553,51.6165
2004-02-13,47.5728,50.0367,52.5006
2004-02-06,44.5457,49.1548,53.7639
2004-01-30,43.4293,48.3860,53.3428
2004-01-23,43.8960,47.7415,51.5871
2004-01-16,45.0369,47.2569,49.4768
2004-01-09,45.8112,46.9911,48.1710
2004-01-02,45.4859,46.9331,48.3802
2003-12-26,45.0763,46.8302,48.5842
2003-12-19,43.8975,46.3955,48.8934
2003-12-12,44.1157,46.1012,48.0867
2003-12-05,44.1050,45.6481,47.1912
2003-11-28,44.1612,45.5137,46.8662
2003-11-21,44.1229,45.2817,46.4406
2003-11-14,44.1925,45.3266,46.4607
2003-11-07,43.1595,45.5561,47.9528
2003-10-31,43.5351,45.7820,48.0288
2003-10-24,43.4231,45.7383,48.0534
2003-10-17,43.5873,46.2322,48.8772
2003-10-10,43.3571,46.1784,48.9996
2003-10-03,42.3498,45.5970,48.8442
2003-09-26,39.1618,44.7198,50.2779
2003-09-19,37.8815,44.1019,50.3222
2003-09-12,38.6475,42.9341,47.2206
2003-09-05,38.9044,42.1392,45.3741
2003-08-29,40.4194,41.5454,42.6714
2003-08-22,40.1688,41.6849,43.2011
2003-08-15,40.0306,41.7441,43.4576
2003-08-08,39.7685,42.0419,44.3153
2003-08-01,40.5167,42.3369,44.1570
2003-07-25,41.7592,42.5549,43.3507
2003-07-18,41.7575,42.6939,43.6303
2003-07-11,41.3155,42.5955,43.8756
2003-07-03,39.6018,42.1046,44.6073
2003-06-27,38.5207,42.5194,46.5182
2003-06-20,38.6397,42.7061,46.7724
2003-06-13,38.0821,43.1189,48.1557
2003-06-06,38.7250,43.6058,48.4866
2003-05-30,42.4853,44.3522,46.2191
2003-05-23,41.0822,43.9146,46.7469
2003-05-16,40.6453,43.7974,46.9495
2003-05-09,37.7891,42.7440,47.6989
2003-05-02,37.4276,42.0432,46.6588
2003-04-25,38.2092,41.3628,44.5164
2003-04-17,37.9483,41.4661,44.9839
2003-04-11,37.5897,40.9335,44.2773
2003-04-04,37.2279,40.8475,44.4670
2003-03-28,36.5837,40.5599,44.5361
2003-03-21,36.5314,40.4688,44.4062
2003-03-14,38.3384,39.7145,41.0906
2003-03-07,38.0182,39.5221,41.0260
2003-02-28,38.0383,39.5372,41.0361
2003-02-21,38.0732,39.6271,41.1809
2003-02-14,37.5613,39.7478,41.9344
2003-02-07,35.0884,40.7665,46.4445
2003-01-31,36.1645,41.2112,46.2578
2003-01-24,35.8042,41.1263,46.4484
2003-01-17,36.0311,41.2071,46.3832
2003-01-10,35.8109,41.0758,46.3406
2003-01-03,37.9203,40.5341,43.1479
2002-12-27,36.1730,41.0667,45.9604
2002-12-20,37.6743,41.7811,45.8879
2002-12-13,37.7664,41.8033,45.8403
2002-12-06,36.6108,41.5598,46.5088
2002-11-29,36.2579,41.3509,46.4438
2002-11-22,35.0869,40.0880,45.0891
2002-11-15,35.0598,39.0455,43.0313
2002-11-08,28.9369,37.4077,45.8786
2002-11-01,22.3751,35.2761,48.1771
2002-10-25,22.2231,33.2548,44.2865
2002-10-18,23.2843,32.1816,41.0788
2002-10-11,24.0330,32.0050,39.9771
2002-10-04,22.9909,32.9411,42.8912
2002-09-27,25.9866,34.8354,43.6841
2002-09-20,28.7617,36.8567,44.9518
2002-09-13,33.5848,38.4131,43.2414
2002-09-06,33.2734,38.3455,43.4176
2002-08-30,30.6632,37.7941,44.9250
2002-08-23,28.0619,36.8738,45.6858
2002-08-16,29.1275,36.0108,42.8942
2002-08-09,31.6142,34.9729,38.3317
2002-08-02,31.1812,35.1253,39.0694
2002-07-26,31.7267,35.5400,39.3534
2002-07-19,33.0361,35.7765,38.5170
2002-07-12,32.0365,36.1962,40.3560
2002-07-05,32.1183,37.1111,42.1039
2002-06-28,31.4077,37.8106,44.2135
2002-06-21,31.5648,38.9278,46.2908
2002-06-14,35.5356,40.6328,45.7300
2002-06-07,37.0057,40.9861,44.9665
2002-05-31,38.1056,41.3214,44.5372
2002-05-24,38.5293,41.7347,44.9401
2002-05-17,37.4993,42.3122,47.1252
2002-05-10,37.5098,42.2875,47.0652
2002-05-03,36.0275,44.0382,52.0489
2002-04-26,35.1025,46.2705,57.4386
2002-04-19,36.4181,48.3692,60.3204
2002-04-12,38.3236,50.1565,61.9894
2002-04-05,47.0366,52.1146,57.1926
2002-03-28,50.7361,52.6943,54.6525
2002-03-22,47.7135,52.1367,56.5599
2002-03-15,47.6481,51.8644,56.0808
2002-03-08,48.0555,51.6836,55.3117
2002-03-01,47.3265,51.9617,56.5970
2002-02-22,46.8546,52.5763,58.2979
2002-02-15,48.3712,54.1486,59.9259
2002-02-08,47.8369,55.8828,63.9288
2002-02-01,47.9165,57.9369,67.9573
2002-01-25,50.4999,59.4319,68.3639
2002-01-18,55.0046,60.7081,66.4116
2002-01-11,58.6444,61.3954,64.1464
2002-01-04,58.6837,61.4044,64.1251
2001-12-28,56.5668,60.4001,64.2333
2001-12-21,55.3721,59.6426,63.9131
2001-12-14,54.7096,58.8901,63.0705
2001-12-07,54.7613,58.1857,61.6101
2001-11-30,53.6574,57.0786,60.4998
2001-11-23,53.1909,56.6204,60.0499
2001-11-16,48.8151,55.3335,61.8519
2001-11-09,46.2775,53.9505,61.6236
2001-11-02,44.7174,52.3271,59.9368
2001-10-26,41.0172,50.5453,60.0735
2001-10-19,41.1877,48.4750,55.7623
2001-10-12,42.0303,47.8557,53.6811
2001-10-05,42.9585,47.4298,51.9010
2001-09-28,42.4079,47.6232,52.8385
2001-09-21,41.0544,49.1534,57.2524
2001-09-10,44.1949,50.5654,56.9359
2001-09-07,45.7152,51.4152,57.1151
2001-08-31,48.3749,52.5621,56.7492
2001-08-24,50.8841,53.0240,55.1638
2001-08-17,50.9279,52.8805,54.8330
2001-08-10,50.8598,53.2607,55.6617
2001-08-03,51.2184,53.4017,55.5850
2001-07-27,49.2477,53.9341,58.6206
2001-07-20,49.9244,54.7518,59.5791
2001-07-13,51.1474,55.5424,59.9373
2001-07-06,51.4913,56.2999,61.1086
2001-06-29,55.1490,56.9394,58.7298
2001-06-22,54.4133,57.3698,60.3262
2001-06-15,54.8388,57.8271,60.8154
2001-06-08,54.0069,57.6480,61.2890
2001-06-01,54.0039,57.6102,61.2164
2001-05-25,54.7306,57.9276,61.1247
2001-05-18,54.7870,57.6167,60.4465
2001-05-11,44.1546,55.4797,66.8047
2001-05-04,40.4097,54.0810,67.7522
2001-04-27,38.3009,52.1138,65.9267
2001-04-20,38.3303,49.8458,61.3612
2001-04-12,43.2655,47.3738,51.4822
2001-04-06,42.7596,47.6827,52.6058
2001-03-30,41.7148,48.1175,54.5202
2001-03-23,41.0052,48.8992,56.7932
2001-03-16,39.0159,51.0473,63.0786
2001-03-09,44.2809,53.2363,62.1917
2001-03-02,47.1083,54.3216,61.5349
2001-02-23,49.6480,55.4974,61.3469
2001-02-16,53.4977,56.2098,58.9218
2001-02-09,43.0377,54.0813,65.1249
2001-02-02,38.9250,52.2716,65.6182
2001-01-26,32.9820,49.7485,66.5149
2001-01-19,33.8087,47.2333,60.6580
2001-01-12,39.6496,44.8929,50.1363
2001-01-05,38.7101,45.2115,51.7128
2000-12-29,38.4301,45.3732,52.3163
2000-12-22,39.8355,46.8649,53.8943
2000-12-15,40.8824,48.1569,55.4315
2000-12-08,43.9531,48.6751,53.3971
2000-12-01,44.0580,48.9737,53.8894
2000-11-24,43.2700,48.7688,54.2676
2000-11-17,42.7949,48.2383,53.6817
2000-11-10,39.9693,48.9351,57.9009
2000-11-03,38.3779,51.2165,64.0552
2000-10-27,38.6198,52.4630,66.3062
2000-10-20,41.1140,55.4724,69.8309
2000-10-13,49.1732,58.4889,67.8045
2000-10-06,51.2844,60.5271,69.7698
2000-09-29,51.7246,62.2851,72.8456
2000-09-22,58.7024,63.9185,69.1345
2000-09-15,56.8899,63.5764,70.2629
2000-09-08,55.3019,63.1397,70.9775
2000-09-01,52.0757,61.7679,71.4601
2000-08-25,50.9219,59.5799,68.2380
2000-08-18,52.9793,58.1464,63.3135
2000-08-11,48.1980,56.4898,64.7816
2000-08-04,47.5763,54.9268,62.2773
2000-07-28,48.2329,54.2982,60.3636
2000-07-21,48.2265,54.3042,60.3819
2000-07-14,48.6695,54.1548,59.6401
2000-07-07,48.5653,55.7236,62.8819
2000-06-30,50.3173,56.0971,61.8770
2000-06-23,49.2745,55.8362,62.3978
2000-06-16,47.8953,55.2953,62.6953
2000-06-09,46.3563,54.4178,62.4792
2000-06-02,51.0502,53.2277,55.4051
2000-05-26,50.0914,53.4825,56.8736
2000-05-19,49.1685,53.1774,57.1863
2000-05-12,48.8489,53.0216,57.1942
2000-05-05,44.5397,54.8677,65.1958
2000-04-28,44.8109,55.9124,67.0139
2000-04-20,44.7538,56.8197,68.8856
2000-04-14,47.2296,57.4167,67.6038
2000-04-07,47.3679,57.4415,67.5152
2000-03-31,46.9971,55.9373,64.8774
2000-03-24,46.9345,54.9055,62.8766
2000-03-17,50.5036,54.0977,57.6917
2000-03-10,49.2308,54.6319,60.0331
2000-03-03,50.6665,55.6521,60.6376
2000-02-25,51.8489,55.9950,60.1412
2000-02-18,52.1716,57.3260,62.4803
2000-02-11,52.8318,58.0223,63.2129
2000-02-04,52.2941,57.8249,63.3557
2000-01-28,49.5016,57.0546,64.6076
2000-01-21,48.4789,56.7624,65.0459
2000-01-14,49.1979,55.6194,62.0410
2000-01-07,51.6207,54.5639,57.5071
1999-12-31,52.3421,54.4019,56.4617
1999-12-23,50.7611,54.1167,57.4722
1999-12-17,49.1565,53.6515,58.1465
1999-12-10,44.1474,52.2471,60.3468
