time,NATR
2025-11-07,5.6036
2025-10-31,5.5280
2025-10-24,5.5090
2025-10-17,5.1944
2025-10-10,5.3064
2025-10-03,4.8775
2025-09-26,4.9582
2025-09-19,5.0387
2025-09-12,5.2659
2025-09-05,5.3608
2025-08-29,5.5442
2025-08-22,5.7977
2025-08-15,6.1440
2025-08-08,6.2361
2025-08-01,6.1929
2025-07-25,5.8229
2025-07-18,4.7466
2025-07-11,4.9550
2025-07-03,4.8300
2025-06-27,5.0243
2025-06-20,5.1423
2025-06-13,5.3433
2025-06-06,5.4653
2025-05-30,5.7240
2025-05-23,5.9298
2025-05-16,5.8023
2025-05-09,5.9688
2025-05-02,6.1640
2025-04-25,6.5627
2025-04-17,6.0760
2025-04-11,6.3805
2025-04-04,6.3325
2025-03-28,5.5411
2025-03-21,5.5841
2025-03-14,5.3660
2025-03-07,4.7588
2025-02-28,4.7984
2025-02-21,4.4798
2025-02-14,4.6732
2025-02-07,4.7834
2025-01-31,4.6661
2025-01-24,4.2800
2025-01-17,4.3665
2025-01-10,4.4131
2025-01-03,4.3482
2024-12-27,4.4707
2024-12-20,4.6533
2024-12-13,4.4827
2024-12-06,4.3079
2024-11-29,4.4208
2024-11-22,4.5897
2024-11-15,4.5428
2024-11-08,4.3796
2024-11-01,4.4293
2024-10-25,4.1708
2024-10-18,3.5246
2024-10-11,3.5410
2024-10-04,3.5680
2024-09-27,3.5741
2024-09-20,3.6614
2024-09-13,3.6932
2024-09-06,3.6674
2024-08-30,3.6706
2024-08-23,3.8286
2024-08-16,4.0055
2024-08-09,4.1512
2024-08-02,4.0566
2024-07-26,3.9537
2024-07-19,3.8929
2024-07-12,3.8856
2024-07-05,3.9220
2024-06-28,4.0750
2024-06-21,4.0418
2024-06-14,4.0972
2024-06-07,4.1355
2024-05-31,4.1796
2024-05-24,4.0685
2024-05-17,4.1075
2024-05-10,4.3283
2024-05-03,4.5377
2024-04-26,4.5875
2024-04-19,3.7415
2024-04-12,3.7055
2024-04-05,3.4566
2024-03-28,3.4478
2024-03-22,3.5771
2024-03-15,3.6878
2024-03-08,3.5396
2024-03-01,3.5140
2024-02-23,3.5962
2024-02-16,3.4225
2024-02-09,3.4353
2024-02-02,3.4855
2024-01-26,3.4439
2024-01-19,2.9133
2024-01-12,2.9415
2024-01-05,2.9087
2023-12-29,2.8189
2023-12-22,2.9610
2023-12-15,3.0069
2023-12-08,2.9495
2023-12-01,3.0692
2023-11-24,3.1302
2023-11-17,3.2526
2023-11-10,3.2763
2023-11-03,3.3907
2023-10-27,3.4696
2023-10-20,3.3873
2023-10-13,3.3742
2023-10-06,3.2637
2023-09-29,3.3893
2023-09-22,3.0763
2023-09-15,2.9507
2023-09-08,2.9721
2023-09-01,3.0973
2023-08-25,3.2421
2023-08-18,3.3516
2023-08-11,3.3725
2023-08-04,3.4981
2023-07-28,3.5778
2023-07-21,3.6918
2023-07-14,3.7245
2023-07-07,3.8394
2023-06-30,3.9203
2023-06-23,4.0248
2023-06-16,3.6162
2023-06-09,3.7201
2023-06-02,3.8482
2023-05-26,3.9200
2023-05-19,3.9945
2023-05-12,4.0840
2023-05-05,4.2835
2023-04-28,4.2084
2023-04-21,4.3921
2023-04-14,4.2982
2023-04-06,4.2442
2023-03-31,4.4154
2023-03-24,4.5951
2023-03-17,4.7256
2023-03-10,4.6204
2023-03-03,4.4750
2023-02-24,4.5398
2023-02-17,4.3770
2023-02-10,4.4949
2023-02-03,4.6842
2023-01-27,4.9027
2023-01-20,4.4802
2023-01-13,4.2779
2023-01-06,4.4759
2022-12-30,4.6849
2022-12-23,4.8357
2022-12-16,4.9395
2022-12-09,4.3253
2022-12-02,4.4592
2022-11-25,4.5869
2022-11-18,4.7552
2022-11-11,4.9419
2022-11-04,5.1049
2022-10-28,5.0918
2022-10-21,5.3133
2022-10-14,5.4996
2022-10-07,5.5306
2022-09-30,5.4133
2022-09-23,5.2903
2022-09-16,5.1111
2022-09-09,4.9961
2022-09-02,5.2462
2022-08-26,5.2909
2022-08-19,4.9225
2022-08-12,5.0660
2022-08-05,5.2968
2022-07-29,5.6396
2022-07-22,5.9886
2022-07-15,5.0768
2022-07-08,5.0708
2022-07-01,5.1057
2022-06-24,5.1970
2022-06-17,5.4698
2022-06-10,5.5237
2022-06-03,5.2218
2022-05-27,5.3819
2022-05-20,5.6086
2022-05-13,5.0848
2022-05-06,4.9316
2022-04-29,5.1172
2022-04-22,4.8321
2022-04-14,4.6908
2022-04-08,4.6639
2022-04-01,4.6633
2022-03-25,4.6821
2022-03-18,4.9047
2022-03-11,5.0990
2022-03-04,5.0588
2022-02-25,5.1430
2022-02-18,5.1481
2022-02-11,4.6693
2022-02-04,4.6811
2022-01-28,4.7676
2022-01-21,4.5571
2022-01-14,4.4468
2022-01-07,4.2973
2021-12-31,4.1107
2021-12-23,4.2328
2021-12-17,4.2960
2021-12-10,4.2633
2021-12-03,4.3740
2021-11-26,4.5813
2021-11-19,4.6418
2021-11-12,4.5603
2021-11-05,4.5175
2021-10-29,4.6822
2021-10-22,4.6903
2021-10-15,3.4918
2021-10-08,3.5181
2021-10-01,3.5118
2021-09-24,3.5211
2021-09-17,3.5311
2021-09-10,3.5318
2021-09-03,3.5800
2021-08-27,3.7428
2021-08-20,3.9067
2021-08-13,3.7368
2021-08-06,3.8703
2021-07-30,4.0564
2021-07-23,4.2016
2021-07-16,4.1219
2021-07-09,4.1736
2021-07-02,4.2747
2021-06-25,3.9685
2021-06-18,4.1726
2021-06-11,3.8322
2021-06-04,3.9392
2021-05-28,4.1469
2021-05-21,4.3101
2021-05-14,4.3841
2021-05-07,4.3132
2021-04-30,4.4561
2021-04-23,4.3381
2021-04-16,4.2807
2021-04-09,4.2341
2021-04-01,4.4456
2021-03-26,4.4063
2021-03-19,4.5079
2021-03-12,4.6835
2021-03-05,4.8762
2021-02-26,5.1004
2021-02-19,5.1079
2021-02-12,5.2554
2021-02-05,5.4761
2021-01-29,5.7917
2021-01-22,5.7875
2021-01-15,4.8664
2021-01-08,5.0133
2020-12-31,4.9723
2020-12-24,5.1987
2020-12-18,5.2945
2020-12-11,5.5804
2020-12-04,5.6245
2020-11-27,5.8885
2020-11-20,6.1925
2020-11-13,6.4771
2020-11-06,6.7497
2020-10-30,7.1145
2020-10-23,6.7067
2020-10-16,5.7753
2020-10-09,5.8641
2020-10-02,5.7409
2020-09-25,5.9770
2020-09-18,5.8434
2020-09-11,6.0842
2020-09-04,6.2895
2020-08-28,6.0876
2020-08-21,6.4290
2020-08-14,6.6055
2020-08-07,6.7274
2020-07-31,7.1722
2020-07-24,7.2279
2020-07-17,7.3921
2020-07-10,7.9143
2020-07-02,7.9996
2020-06-26,8.5218
2020-06-19,8.3408
2020-06-12,8.4425
2020-06-05,7.3423
2020-05-29,7.7322
2020-05-22,8.2274
2020-05-15,8.6061
2020-05-08,8.0328
2020-05-01,8.4987
2020-04-24,8.4548
2020-04-17,8.6252
2020-04-09,8.5019
2020-04-03,9.2619
2020-03-27,9.1568
2020-03-20,9.3462
2020-03-13,7.9506
2020-03-06,5.6150
2020-02-28,5.2501
2020-02-21,3.7056
2020-02-14,3.8122
2020-02-07,3.7406
2020-01-31,3.5411
2020-01-24,3.4026
2020-01-17,3.2685
2020-01-10,3.3782
2020-01-03,3.4343
2019-12-27,3.4728
2019-12-20,3.6438
2019-12-13,3.7948
2019-12-06,3.9762
2019-11-29,4.0249
2019-11-22,4.1594
2019-11-15,4.3268
2019-11-08,4.3117
2019-11-01,4.4723
2019-10-25,4.6247
2019-10-18,4.7420
2019-10-11,4.1786
2019-10-04,4.1566
2019-09-27,4.0298
2019-09-20,4.1357
2019-09-13,4.1564
2019-09-06,4.3012
2019-08-30,4.3293
2019-08-23,4.4665
2019-08-16,4.2281
2019-08-09,4.1169
2019-08-02,3.5799
2019-07-26,3.3766
2019-07-19,3.4942
2019-07-12,3.4269
2019-07-05,3.5198
2019-06-28,3.6676
2019-06-21,3.7852
2019-06-14,3.9230
2019-06-07,4.1013
2019-05-31,4.1684
2019-05-24,3.9728
2019-05-17,3.8343
2019-05-10,3.8060
2019-05-03,3.6354
2019-04-26,3.7651
2019-04-18,3.8316
2019-04-12,3.5249
2019-04-05,3.6849
2019-03-29,3.8595
2019-03-22,4.0473
2019-03-15,4.1717
2019-03-08,4.3385
2019-03-01,4.1751
2019-02-22,4.3416
2019-02-15,4.5965
2019-02-08,4.8523
2019-02-01,5.0618
2019-01-25,5.2940
2019-01-18,5.3324
2019-01-11,5.5400
2019-01-04,5.8364
2018-12-28,6.1292
2018-12-21,6.1107
2018-12-14,5.4584
2018-12-07,5.5648
2018-11-30,5.2773
2018-11-23,5.5343
2018-11-16,5.3985
2018-11-09,5.4683
2018-11-02,5.6723
2018-10-26,5.0027
2018-10-19,4.7196
2018-10-12,3.7035
2018-10-05,3.2383
2018-09-28,3.1070
2018-09-21,3.0893
2018-09-14,3.1286
2018-09-07,3.2218
2018-08-31,3.2956
2018-08-24,3.4186
2018-08-17,3.5541
2018-08-10,3.6357
2018-08-03,3.7538
2018-07-27,3.8174
2018-07-20,3.8350
2018-07-13,3.7315
2018-07-06,3.8715
2018-06-29,3.9913
2018-06-22,4.0373
2018-06-15,3.9811
2018-06-08,4.0642
2018-06-01,4.2487
2018-05-25,4.3380
2018-05-18,4.4839
2018-05-11,4.7056
2018-05-04,4.8972
2018-04-27,4.7886
2018-04-20,5.0406
2018-04-13,4.1608
2018-04-06,4.2216
2018-03-29,4.0871
2018-03-23,4.2268
2018-03-16,3.6664
2018-03-09,3.7610
2018-03-02,3.8864
2018-02-23,3.7669
2018-02-16,3.8425
2018-02-09,3.8967
2018-02-02,3.3486
2018-01-26,2.9895
2018-01-19,2.9575
2018-01-12,2.7064
2018-01-05,2.7729
2017-12-29,2.6874
2017-12-22,2.7996
2017-12-15,2.8793
2017-12-08,2.7653
2017-12-01,2.8031
2017-11-24,2.9045
2017-11-17,3.0085
2017-11-10,3.0326
2017-11-03,3.0918
2017-10-27,3.1120
2017-10-20,2.7223
2017-10-13,2.3777
2017-10-06,2.4349
2017-09-29,2.5170
2017-09-22,2.5396
2017-09-15,2.6520
2017-09-08,2.6913
2017-09-01,2.7054
2017-08-25,2.7780
2017-08-18,2.7996
2017-08-11,2.7656
2017-08-04,2.8095
2017-07-28,2.9639
2017-07-21,2.9300
2017-07-14,2.6209
2017-07-07,2.7175
2017-06-30,2.7153
2017-06-23,2.7886
2017-06-16,2.8563
2017-06-09,2.8889
2017-06-02,2.9777
2017-05-26,3.1163
2017-05-19,3.2408
2017-05-12,3.3213
2017-05-05,3.3147
2017-04-28,3.0969
2017-04-21,3.2176
2017-04-13,2.7296
2017-04-07,2.7350
2017-03-31,2.6885
2017-03-24,2.7718
2017-03-17,2.8039
2017-03-10,2.7987
2017-03-03,2.7457
2017-02-24,2.7970
2017-02-17,2.8796
2017-02-10,2.9445
2017-02-03,2.9896
2017-01-27,3.0013
2017-01-20,2.9434
2017-01-13,3.0081
2017-01-06,2.9953
2016-12-30,3.1123
2016-12-23,3.2228
2016-12-16,3.3319
2016-12-09,3.3672
2016-12-02,3.3991
2016-11-25,3.2907
2016-11-18,3.4693
2016-11-11,3.5102
2016-11-04,3.5090
2016-10-28,3.6404
2016-10-21,3.7512
2016-10-14,3.5103
2016-10-07,3.4433
2016-09-30,3.4408
2016-09-23,3.2252
2016-09-16,3.3300
2016-09-09,3.2807
2016-09-02,3.1530
2016-08-26,3.3019
2016-08-19,3.3499
2016-08-12,3.4012
2016-08-05,3.4967
2016-07-29,3.6555
2016-07-22,3.7321
2016-07-15,3.8707
2016-07-08,3.9664
2016-07-01,4.0944
2016-06-24,4.0331
2016-06-17,3.7184
2016-06-10,3.8066
2016-06-03,3.9733
2016-05-27,4.1661
2016-05-20,4.3294
2016-05-13,4.3333
2016-05-06,4.4672
2016-04-29,4.5601
2016-04-22,4.4849
2016-04-15,4.1935
2016-04-08,4.3724
2016-04-01,4.3229
2016-03-24,4.4941
2016-03-18,4.6175
2016-03-11,4.7884
2016-03-04,4.9895
2016-02-26,5.1118
2016-02-19,5.1587
2016-02-12,5.2845
2016-02-05,4.7713
2016-01-29,4.9025
2016-01-22,5.1184
2016-01-15,4.3587
2016-01-08,4.3208
2015-12-31,4.0985
2015-12-24,4.1767
2015-12-18,4.3083
2015-12-11,4.3293
2015-12-04,4.1106
2015-11-27,4.3003
2015-11-20,4.5065
2015-11-13,4.6834
2015-11-06,4.4393
2015-10-30,4.5632
2015-10-23,4.3502
2015-10-16,3.9397
2015-10-09,3.9852
2015-10-02,4.0677
2015-09-25,4.0829
2015-09-18,4.1569
2015-09-11,4.0923
2015-09-04,4.2338
2015-08-28,4.0871
2015-08-21,3.9442
2015-08-14,3.6649
2015-08-07,3.7885
2015-07-31,3.6368
2015-07-24,3.8001
2015-07-17,3.1489
2015-07-10,3.2474
2015-07-02,3.2958
2015-06-26,3.3791
2015-06-19,3.3874
2015-06-12,3.4421
2015-06-05,3.3729
2015-05-29,3.3864
2015-05-22,3.4429
2015-05-15,3.5740
2015-05-08,3.6138
2015-05-01,3.6268
2015-04-24,3.7528
2015-04-17,3.7326
2015-04-10,3.7328
2015-04-02,3.8340
2015-03-27,3.8803
2015-03-20,3.8110
2015-03-13,3.8982
2015-03-06,3.7101
2015-02-27,3.7264
2015-02-20,3.7257
2015-02-13,3.8653
2015-02-06,3.9796
2015-01-30,4.0265
2015-01-23,3.7745
2015-01-16,3.7123
2015-01-09,3.6472
2015-01-02,3.4751
2014-12-26,3.5531
2014-12-19,3.6878
2014-12-12,3.5609
2014-12-05,3.2726
2014-11-28,3.3979
2014-11-21,3.5472
2014-11-14,3.5024
2014-11-07,3.6837
2014-10-31,3.7784
2014-10-24,3.9474
2014-10-17,2.8996
2014-10-10,2.7281
2014-10-03,2.6592
2014-09-26,2.6563
2014-09-19,2.5832
2014-09-12,2.6437
2014-09-05,2.7167
2014-08-29,2.7926
2014-08-22,2.8868
2014-08-15,2.9666
2014-08-08,3.1005
2014-08-01,3.0991
2014-07-25,2.9490
2014-07-18,2.9415
2014-07-11,2.9183
2014-07-03,3.0242
2014-06-27,3.0095
2014-06-20,3.0858
2014-06-13,3.1685
2014-06-06,3.0647
2014-05-30,3.1808
2014-05-23,3.2470
2014-05-16,3.3747
2014-05-09,3.2892
2014-05-02,3.3898
2014-04-25,3.3921
2014-04-17,3.4882
2014-04-11,3.1958
2014-04-04,3.1965
2014-03-28,3.2772
2014-03-21,3.2316
2014-03-14,3.2914
2014-03-07,3.1855
2014-02-28,3.2236
2014-02-21,3.3767
2014-02-14,3.4766
2014-02-07,3.5251
2014-01-31,3.5534
2014-01-24,3.5791
2014-01-17,3.2075
2014-01-10,3.2209
2014-01-03,3.2721
2013-12-27,3.4238
2013-12-20,3.5139
2013-12-13,3.5297
2013-12-06,3.4623
2013-11-29,3.4934
2013-11-22,3.5592
2013-11-15,3.5280
2013-11-08,3.6794
2013-11-01,3.8011
2013-10-25,3.8824
2013-10-18,3.9685
2013-10-11,3.3938
2013-10-04,3.3815
2013-09-27,3.4254
2013-09-20,3.3874
2013-09-13,3.4122
2013-09-06,3.4350
2013-08-30,3.5994
2013-08-23,3.5657
2013-08-16,3.7004
2013-08-09,3.7420
2013-08-02,3.5766
2013-07-26,3.6294
2013-07-19,3.8047
2013-07-12,3.7579
2013-07-05,3.7903
2013-06-28,3.9662
2013-06-21,3.8421
2013-06-14,3.5223
2013-06-07,3.4694
2013-05-31,3.3890
2013-05-24,3.4564
2013-05-17,3.4623
2013-05-10,3.5204
2013-05-03,3.6413
2013-04-26,3.6915
2013-04-19,3.7624
2013-04-12,2.8326
2013-04-05,2.8676
2013-03-28,2.7236
2013-03-22,2.8155
2013-03-15,2.7877
2013-03-08,2.8161
2013-03-01,2.8339
2013-02-22,2.8648
2013-02-15,2.9421
2013-02-08,3.0457
2013-02-01,3.0255
2013-01-25,3.1392
2013-01-18,2.9869
2013-01-11,3.0346
2013-01-04,3.1283
2012-12-28,3.1385
2012-12-21,3.1581
2012-12-14,3.2347
2012-12-07,3.3382
2012-11-30,3.4176
2012-11-23,3.4477
2012-11-16,3.5735
2012-11-09,3.5462
2012-11-02,3.4812
2012-10-26,3.5638
2012-10-19,3.6723
2012-10-12,3.0203
2012-10-05,3.0017
2012-09-28,3.1206
2012-09-21,3.2195
2012-09-14,3.3532
2012-09-07,3.3995
2012-08-31,3.5017
2012-08-24,3.5162
2012-08-17,3.4534
2012-08-10,3.5898
2012-08-03,3.7892
2012-07-27,3.8926
2012-07-20,3.9097
2012-07-13,3.7918
2012-07-06,3.5841
2012-06-29,3.4841
2012-06-22,3.5141
2012-06-15,3.4190
2012-06-08,3.4757
2012-06-01,3.5038
2012-05-25,3.2966
2012-05-18,3.3229
2012-05-11,3.2432
2012-05-04,3.2510
2012-04-27,3.3018
2012-04-20,3.2457
2012-04-13,3.0564
2012-04-05,3.0990
2012-03-30,3.0568
2012-03-23,3.2065
2012-03-16,3.3387
2012-03-09,3.4126
2012-03-02,3.5391
2012-02-24,3.7122
2012-02-17,3.8182
2012-02-10,4.0122
2012-02-03,4.1814
2012-01-27,4.3120
2012-01-20,4.4826
2012-01-13,4.6584
2012-01-06,4.6553
2011-12-30,4.7092
2011-12-23,4.9168
2011-12-16,4.9816
2011-12-09,4.5617
2011-12-02,4.8270
2011-11-25,4.9482
2011-11-18,4.7539
2011-11-11,4.7909
2011-11-04,4.9295
2011-10-28,4.9895
2011-10-21,5.1626
2011-10-14,4.7202
2011-10-07,4.9669
2011-09-30,4.9262
2011-09-23,4.9528
2011-09-16,4.6917
2011-09-09,4.7381
2011-09-02,4.5271
2011-08-26,4.4620
2011-08-19,4.5833
2011-08-12,3.8516
2011-08-05,3.5708
2011-07-29,2.9316
2011-07-22,2.8739
2011-07-15,2.7369
2011-07-08,2.8161
2011-07-01,2.8793
2011-06-24,2.8322
2011-06-17,2.9112
2011-06-10,2.9905
2011-06-03,3.0401
2011-05-27,2.9615
2011-05-20,2.9469
2011-05-13,2.9572
2011-05-06,2.9786
2011-04-29,2.9177
2011-04-21,2.9213
2011-04-15,2.8955
2011-04-08,2.9698
2011-04-01,3.1195
2011-03-25,3.2463
2011-03-18,3.2990
2011-03-11,2.9021
2011-03-04,2.7153
2011-02-25,2.6838
2011-02-18,2.5742
2011-02-11,2.6801
2011-02-04,2.7503
2011-01-28,2.7843
2011-01-21,2.6238
2011-01-14,2.5497
2011-01-07,2.6153
2010-12-31,2.7226
2010-12-23,2.8177
2010-12-17,2.9432
2010-12-10,3.0748
2010-12-03,3.1514
2010-11-26,3.1845
2010-11-19,3.1843
2010-11-12,3.2373
2010-11-05,3.2062
2010-10-29,3.2857
2010-10-22,3.3368
2010-10-15,3.2128
2010-10-08,3.3029
2010-10-01,3.3746
2010-09-24,3.5167
2010-09-17,3.6626
2010-09-10,3.8552
2010-09-03,3.9903
2010-08-27,4.0673
2010-08-20,3.9466
2010-08-13,4.0432
2010-08-06,3.9733
2010-07-30,4.1441
2010-07-23,4.3162
2010-07-16,4.2133
2010-07-09,4.2730
2010-07-02,4.4318
2010-06-25,4.0391
2010-06-18,3.9637
2010-06-11,4.1508
2010-06-04,4.2160
2010-05-28,4.2942
2010-05-21,4.3168
2010-05-14,3.8235
2010-05-07,3.7311
2010-04-30,3.0163
2010-04-23,3.0289
2010-04-16,2.9803
2010-04-09,2.9975
2010-04-01,3.0802
2010-03-26,3.1484
2010-03-19,3.1811
2010-03-12,3.2904
2010-03-05,3.3711
2010-02-26,3.4140
2010-02-19,3.5125
2010-02-12,3.6281
2010-02-05,3.7950
2010-01-29,3.8398
2010-01-22,3.6741
2010-01-15,3.2498
2010-01-08,3.2766
2009-12-31,3.2887
2009-12-24,3.4163
2009-12-18,3.5818
2009-12-11,3.6279
2009-12-04,3.7603
2009-11-27,3.8560
2009-11-20,3.8278
2009-11-13,3.9871
2009-11-06,4.1484
2009-10-30,4.3050
2009-10-23,4.3166
2009-10-16,4.3399
2009-10-09,4.0649
2009-10-02,4.1231
2009-09-25,4.0636
2009-09-18,4.1729
2009-09-11,4.2614
2009-09-04,4.4099
2009-08-28,4.4727
2009-08-21,4.5330
2009-08-14,4.6841
2009-08-07,4.8421
2009-07-31,5.0908
2009-07-24,5.2789
2009-07-17,5.5437
2009-07-10,5.6637
2009-07-02,5.7974
2009-06-26,5.6795
2009-06-19,5.8664
2009-06-12,5.9234
2009-06-05,6.0681
2009-05-29,6.3268
2009-05-22,6.6934
2009-05-15,6.8848
2009-05-08,7.1168
2009-05-01,6.9994
2009-04-24,7.3563
2009-04-17,7.3992
2009-04-09,7.5111
2009-04-03,7.7519
2009-03-27,8.1765
2009-03-20,8.3504
2009-03-13,8.7309
2009-03-06,9.2171
2009-02-27,8.5681
2009-02-20,8.6603
2009-02-13,8.2918
2009-02-06,8.3335
2009-01-30,8.7989
2009-01-23,9.2359
2009-01-16,9.5903
2009-01-09,9.9471
2009-01-02,9.8426
2008-12-26,10.6387
2008-12-19,10.8251
2008-12-12,11.1647
2008-12-05,11.5173
2008-11-28,11.6568
2008-11-21,12.9075
2008-11-14,11.8561
2008-11-07,10.7566
2008-10-31,9.9836
2008-10-24,10.7568
2008-10-17,9.2449
2008-10-10,9.0156
2008-10-03,6.7543
2008-09-26,5.2448
2008-09-19,5.1673
2008-09-12,4.6934
2008-09-05,4.8814
2008-08-29,4.2530
2008-08-22,4.2196
2008-08-15,4.1610
2008-08-08,4.1325
2008-08-01,4.2876
2008-07-25,4.3478
2008-07-18,4.4159
2008-07-11,4.4220
2008-07-03,4.5458
2008-06-27,4.6068
2008-06-20,4.3780
2008-06-13,4.2959
2008-06-06,4.4333
2008-05-30,4.3300
2008-05-23,4.4885
2008-05-16,4.3845
2008-05-09,4.5381
2008-05-02,4.6363
2008-04-25,4.7514
2008-04-18,4.8863
2008-04-11,5.0159
2008-04-04,5.1512
2008-03-28,5.2673
2008-03-20,5.1295
2008-03-14,5.3055
2008-03-07,5.4198
2008-02-29,5.5294
2008-02-22,5.6189
2008-02-15,5.7926
2008-02-08,5.9614
2008-02-01,5.5309
2008-01-25,5.7967
2008-01-18,5.6191
2008-01-11,5.6936
2008-01-04,5.6107
2007-12-28,4.8790
2007-12-21,4.9954
2007-12-14,5.1275
2007-12-07,4.9200
2007-11-30,5.0875
2007-11-23,4.9698
2007-11-16,5.0170
2007-11-09,5.1743
2007-11-02,3.8534
2007-10-26,3.9804
2007-10-19,4.0788
2007-10-12,3.6549
2007-10-05,3.6181
2007-09-28,3.5464
2007-09-21,3.6740
2007-09-14,3.7595
2007-09-07,3.8256
2007-08-31,3.8449
2007-08-24,3.8783
2007-08-17,3.9061
2007-08-10,3.4417
2007-08-03,3.4064
2007-07-27,3.1688
2007-07-20,3.1680
2007-07-13,3.0359
2007-07-06,3.1472
2007-06-29,3.1397
2007-06-22,3.1997
2007-06-15,3.2357
2007-06-08,3.3223
2007-06-01,3.0982
2007-05-25,3.1975
2007-05-18,3.0383
2007-05-11,3.0786
2007-05-04,3.1270
2007-04-27,3.2598
2007-04-20,3.1761
2007-04-13,3.1040
2007-04-05,3.0957
2007-03-30,3.1942
2007-03-23,3.2761
2007-03-16,3.3842
2007-03-09,3.4480
2007-03-02,3.4084
2007-02-23,2.6986
2007-02-16,2.7068
2007-02-09,2.7938
2007-02-02,2.8005
2007-01-26,2.8892
2007-01-19,3.0089
2007-01-12,2.6452
2007-01-05,2.6751
2006-12-29,2.6885
2006-12-22,2.7140
2006-12-15,2.7841
2006-12-08,2.8393
2006-12-01,2.8400
2006-11-24,2.7491
2006-11-17,2.8632
2006-11-10,2.9310
2006-11-03,3.0036
2006-10-27,3.0138
2006-10-20,3.0865
2006-10-13,2.9317
2006-10-06,2.9719
2006-09-29,3.0389
2006-09-22,3.1524
2006-09-15,3.0663
2006-09-08,3.0770
2006-09-01,3.0724
2006-08-25,3.1873
2006-08-18,3.2795
2006-08-11,3.2810
2006-08-04,3.3952
2006-07-28,3.3466
2006-07-21,3.4544
2006-07-14,3.3326
2006-07-07,3.1069
2006-06-30,3.0871
2006-06-23,3.1259
2006-06-16,3.1698
2006-06-09,3.2178
2006-06-02,3.0135
2006-05-26,3.0235
2006-05-19,3.0547
2006-05-12,2.8562
2006-05-05,2.9358
2006-04-28,3.0414
2006-04-21,2.9918
2006-04-13,2.9523
2006-04-07,2.9633
2006-03-31,3.0042
2006-03-24,3.0623
2006-03-17,3.1100
2006-03-10,3.2024
2006-03-03,3.2883
2006-02-24,3.4025
2006-02-17,3.4650
2006-02-10,3.5347
2006-02-03,3.6182
2006-01-27,3.6068
2006-01-20,3.7205
2006-01-13,3.6004
2006-01-06,3.5742
2005-12-30,3.5830
2005-12-23,3.5286
2005-12-16,3.6076
2005-12-09,3.3174
2005-12-02,3.1934
2005-11-25,3.2964
2005-11-18,3.3716
2005-11-11,3.4080
2005-11-04,3.5118
2005-10-28,3.6040
2005-10-21,3.4738
2005-10-14,3.5361
2005-10-07,3.6070
2005-09-30,3.6325
2005-09-23,3.6662
2005-09-16,3.5436
2005-09-09,3.5337
2005-09-02,3.7009
2005-08-26,3.7093
2005-08-19,3.5926
2005-08-12,3.6618
2005-08-05,3.6763
2005-07-29,3.8189
2005-07-22,3.9092
2005-07-15,3.9949
2005-07-08,4.0589
2005-07-01,4.0900
2005-06-24,4.2121
2005-06-17,4.0434
2005-06-10,4.1113
2005-06-03,4.1660
2005-05-27,4.2107
2005-05-20,4.3500
2005-05-13,4.4144
2005-05-06,4.3187
2005-04-29,4.2988
2005-04-22,4.4404
2005-04-15,4.0350
2005-04-08,2.8150
2005-04-01,2.6710
2005-03-24,2.7223
2005-03-18,2.7811
2005-03-11,2.6547
2005-03-04,2.6824
2005-02-25,2.7485
2005-02-18,2.7842
2005-02-11,2.7979
2005-02-04,2.7739
2005-01-28,2.8862
2005-01-21,2.9463
2005-01-14,2.8608
2005-01-07,2.8140
2004-12-31,2.6611
2004-12-23,2.7627
2004-12-17,2.8783
2004-12-10,2.9199
2004-12-03,2.9300
2004-11-26,2.9587
2004-11-19,3.0626
2004-11-12,3.0760
2004-11-05,3.1438
2004-10-29,3.1511
2004-10-22,3.2245
2004-10-15,3.0834
2004-10-08,2.9920
2004-10-01,3.0808
2004-09-24,3.1253
2004-09-17,3.0281
2004-09-10,3.0596
2004-09-03,3.1495
2004-08-27,3.2394
2004-08-20,3.3767
2004-08-13,3.5258
2004-08-06,3.5319
2004-07-30,3.3197
2004-07-23,3.4067
2004-07-16,3.4352
2004-07-09,3.4361
2004-07-02,3.2545
2004-06-25,3.1206
2004-06-18,3.1725
2004-06-10,3.2662
2004-06-04,3.3537
2004-05-28,3.4533
2004-05-21,3.5579
2004-05-14,3.5315
2004-05-07,3.4586
2004-04-30,3.5107
2004-04-23,3.3165
2004-04-16,3.3012
2004-04-08,3.2488
2004-04-02,3.3051
2004-03-26,3.3489
2004-03-19,3.4024
2004-03-12,3.3582
2004-03-05,3.0414
2004-02-27,3.1111
2004-02-20,3.1399
2004-02-13,3.0832
2004-02-06,3.1985
2004-01-30,3.2718
2004-01-23,3.3121
2004-01-16,3.4302
2004-01-09,3.3005
2004-01-02,3.3412
2003-12-26,3.3365
2003-12-19,3.4748
2003-12-12,3.5736
2003-12-05,3.7124
2003-11-28,3.8792
2003-11-21,4.0897
2003-11-14,4.1530
2003-11-07,4.2927
2003-10-31,4.3133
2003-10-24,4.4694
2003-10-17,4.6083
2003-10-10,4.2905
2003-10-03,4.4524
2003-09-26,4.5307
2003-09-19,4.3050
2003-09-12,4.4350
2003-09-05,4.5564
2003-08-29,4.6135
2003-08-22,4.7477
2003-08-15,4.9111
2003-08-08,5.1667
2003-08-01,5.3077
2003-07-25,5.2239
2003-07-18,5.4094
2003-07-11,5.3348
2003-07-03,5.5089
2003-06-27,5.6486
2003-06-20,5.7193
2003-06-13,6.0660
2003-06-06,6.2562
2003-05-30,5.3186
2003-05-23,5.5365
2003-05-16,5.3581
2003-05-09,5.5752
2003-05-02,5.8001
2003-04-25,6.1588
2003-04-17,6.2868
2003-04-11,6.6346
2003-04-04,6.5104
2003-03-28,6.4960
2003-03-21,6.2633
2003-03-14,6.5614
2003-03-07,6.5429
2003-02-28,6.7170
2003-02-21,6.7410
2003-02-14,7.2356
2003-02-07,7.3626
2003-01-31,7.5719
2003-01-24,7.6560
2003-01-17,7.7240
2003-01-10,7.0312
2003-01-03,7.5292
2002-12-27,7.9565
2002-12-20,7.8361
2002-12-13,8.0754
2002-12-06,8.0581
2002-11-29,7.4762
2002-11-22,7.8706
2002-11-15,8.2395
2002-11-08,8.7248
2002-11-01,8.4654
2002-10-25,9.1806
2002-10-18,9.4982
2002-10-11,10.3523
2002-10-04,11.2437
2002-09-27,10.5603
2002-09-20,10.0978
2002-09-13,8.5744
2002-09-06,8.4952
2002-08-30,8.4881
2002-08-23,8.0163
2002-08-16,8.3750
2002-08-09,8.9600
2002-08-02,9.2570
2002-07-26,9.4615
2002-07-19,8.7034
2002-07-12,8.9060
2002-07-05,8.4086
2002-06-28,8.5240
2002-06-21,8.7722
2002-06-14,7.5613
2002-06-07,7.3762
2002-05-31,7.3536
2002-05-24,7.3992
2002-05-17,7.4430
2002-05-10,7.9453
2002-05-03,7.6717
2002-04-26,7.6020
2002-04-19,7.4135
2002-04-12,7.7591
2002-04-05,6.2547
2002-03-28,5.7994
2002-03-22,5.8332
2002-03-15,5.9281
2002-03-08,6.1031
2002-03-01,6.3701
2002-02-22,6.6231
2002-02-15,6.2917
2002-02-08,6.0943
2002-02-01,5.9786
2002-01-25,5.7148
2002-01-18,5.3979
2002-01-11,5.0254
2002-01-04,4.8099
2001-12-28,4.9306
2001-12-21,5.1706
2001-12-14,5.3207
2001-12-07,5.5206
2001-11-30,5.6090
2001-11-23,5.7469
2001-11-16,5.9830
2001-11-09,6.1332
2001-11-02,6.4189
2001-10-26,6.5146
2001-10-19,6.8330
2001-10-12,6.9537
2001-10-05,7.2253
2001-09-28,7.6832
2001-09-21,7.6624
2001-09-10,7.1551
2001-09-07,7.5518
2001-08-31,7.3106
2001-08-24,6.6833
2001-08-17,6.8919
2001-08-10,7.1628
2001-08-03,7.1137
2001-07-27,7.5195
2001-07-20,7.7142
2001-07-13,7.6409
2001-07-06,7.8265
2001-06-29,7.2587
2001-06-22,7.4620
2001-06-15,7.5856
2001-06-08,7.6559
2001-06-01,8.0602
2001-05-25,7.9162
2001-05-18,8.3678
2001-05-11,9.0057
2001-05-04,8.8428
2001-04-27,8.9821
2001-04-20,9.4387
2001-04-12,10.4381
2001-04-06,10.4010
2001-03-30,10.6114
2001-03-23,11.2201
2001-03-16,11.9138
2001-03-09,10.7835
2001-03-02,10.4818
2001-02-23,10.3529
2001-02-16,9.0560
2001-02-09,9.4411
2001-02-02,9.7083
2001-01-26,9.6145
2001-01-19,10.1001
2001-01-12,11.0846
2001-01-05,11.4884
2000-12-29,12.2341
2000-12-22,11.9400
2000-12-15,11.7730
2000-12-08,10.6099
2000-12-01,10.6553
2000-11-24,10.2285
2000-11-17,10.3419
2000-11-10,11.3082
2000-11-03,10.4997
2000-10-27,11.0727
2000-10-20,11.1367
2000-10-13,8.7537
2000-10-06,7.7855
2000-09-29,7.8806
2000-09-22,6.6994
2000-09-15,6.7378
2000-09-08,6.6030
2000-09-01,6.5746
2000-08-25,6.9803
2000-08-18,7.4121
2000-08-11,7.6911
2000-08-04,8.2163
2000-07-28,8.7265
2000-07-21,8.7046
2000-07-14,9.1050
2000-07-07,9.3392
2000-06-30,8.9515
2000-06-23,8.9507
2000-06-16,8.8507
2000-06-09,8.5566
2000-06-02,9.1556
2000-05-26,9.6367
2000-05-19,9.7901
2000-05-12,10.2111
2000-05-05,10.0483
2000-04-28,9.9778
2000-04-20,10.5816
2000-04-14,10.3303
2000-04-07,8.0818
2000-03-31,8.2119
2000-03-24,7.9650
2000-03-17,8.5450
2000-03-10,8.9459
2000-03-03,8.6765
2000-02-25,8.5960
2000-02-18,8.3058
