time,SAR
2025-11-07,263.5623
2025-10-31,263.5623
2025-10-24,310.7500
2025-10-17,266.6553
2025-10-10,255.1929
2025-10-03,245.6611
2025-09-26,238.0395
2025-09-19,234.7250
2025-09-12,233.3600
2025-09-05,251.8579
2025-08-29,258.0239
2025-08-22,266.2452
2025-08-15,277.2069
2025-08-08,286.0961
2025-08-01,289.3178
2025-07-25,293.5742
2025-07-18,294.1204
2025-07-11,276.5139
2025-07-03,270.6451
2025-06-27,262.8200
2025-06-20,255.4486
2025-06-13,247.6969
2025-06-06,240.8261
2025-05-30,234.1762
2025-05-23,225.8639
2025-05-16,218.7573
2025-05-09,214.9472
2025-05-02,213.3147
2025-04-25,211.5963
2025-04-17,250.7354
2025-04-11,257.6423
2025-04-04,261.4016
2025-03-28,262.8431
2025-03-21,262.8431
2025-03-14,235.9632
2025-03-07,231.4564
2025-02-28,226.1543
2025-02-21,219.9166
2025-02-14,215.4208
2025-02-07,212.6080
2025-01-31,210.2959
2025-01-24,228.2088
2025-01-17,231.3699
2025-01-10,233.4730
2025-01-03,234.5386
2024-12-27,215.6070
2024-12-20,211.7827
2024-12-13,206.0937
2024-12-06,201.2418
2024-11-29,199.0911
2024-11-22,197.8521
2024-11-15,224.5162
2024-11-08,227.4789
2024-11-01,230.7707
2024-10-25,230.7707
2024-10-18,209.7985
2024-10-11,205.9627
2024-10-04,201.3520
2024-09-27,195.8299
2024-09-20,190.4861
2024-09-13,183.9540
2024-09-06,179.8865
2024-08-30,176.9460
2024-08-23,175.2269
2024-08-16,175.2269
2024-08-09,189.1537
2024-08-02,172.6664
2024-07-26,167.1707
2024-07-19,163.3109
2024-07-12,160.8084
2024-07-05,159.5651
2024-06-28,158.1837
2024-06-21,157.6088
2024-06-14,157.1605
2024-06-07,156.5317
2024-05-31,155.8699
2024-05-24,155.1732
2024-05-17,170.9606
2024-05-10,176.2230
2024-05-03,178.8948
2024-04-26,183.3478
2024-04-19,186.2048
2024-04-12,188.4706
2024-04-05,189.5495
2024-03-28,190.0590
2024-03-22,178.2078
2024-03-15,174.2573
2024-03-08,170.5646
2024-03-01,169.8358
2024-02-23,166.9468
2024-02-16,163.5479
2024-02-09,159.5493
2024-02-02,154.8450
2024-01-26,149.3106
2024-01-19,149.3106
2024-01-12,149.3106
2024-01-05,157.3064
2023-12-29,148.9556
2023-12-22,146.1720
2023-12-15,142.4606
2023-12-08,138.6310
2023-12-01,134.2184
2023-11-24,130.9608
2023-11-17,128.4544
2023-11-10,127.0527
2023-11-03,127.0527
2023-10-27,138.3531
2023-10-20,140.2747
2023-10-13,141.4944
2023-10-06,142.0704
2023-09-29,142.0704
2023-09-22,135.1806
2023-09-15,133.7972
2023-09-08,131.9527
2023-09-01,130.6903
2023-08-25,130.1886
2023-08-18,128.4068
2023-08-11,126.0310
2023-08-04,123.0292
2023-07-28,121.7305
2023-07-21,121.4040
2023-07-14,119.5260
2023-07-07,119.4058
2023-06-30,119.4058
2023-06-23,117.4628
2023-06-16,114.5995
2023-06-09,112.6225
2023-06-02,111.4642
2023-05-26,111.0228
2023-05-19,118.7420
2023-05-12,119.5997
2023-05-05,120.5527
2023-04-28,120.9197
2023-04-21,113.2298
2023-04-14,112.3754
2023-04-06,111.4260
2023-03-31,110.9806
2023-03-24,119.3240
2023-03-17,120.8285
2023-03-10,123.0717
2023-03-03,125.2783
2023-02-24,126.2490
2023-02-17,127.9069
2023-02-10,129.9793
2023-02-03,132.5699
2023-01-27,133.0404
2023-01-20,134.0920
2023-01-13,135.2605
2023-01-06,136.5587
2022-12-30,138.0013
2022-12-23,138.0013
2022-12-16,138.0013
2022-12-09,125.4449
2022-12-02,122.0851
2022-11-25,117.6053
2022-11-18,112.2779
2022-11-11,107.8917
2022-11-04,104.9154
2022-10-28,102.8401
2022-10-21,102.8401
2022-10-14,116.5307
2022-10-07,119.3916
2022-09-30,121.8310
2022-09-23,123.3285
2022-09-16,124.0187
2022-09-09,111.9734
2022-09-02,111.3395
2022-08-26,110.6721
2022-08-19,109.9697
2022-08-12,122.2159
2022-08-05,123.5766
2022-07-29,125.0885
2022-07-22,126.7683
2022-07-15,127.1950
2022-07-08,118.3205
2022-07-01,116.7544
2022-06-24,116.2406
2022-06-17,114.3074
2022-06-10,112.0332
2022-06-03,110.5585
2022-05-27,110.5585
2022-05-20,123.1785
2022-05-13,111.1129
2022-05-06,108.9837
2022-04-29,108.4454
2022-04-22,106.9053
2022-04-14,105.9460
2022-04-08,104.8802
2022-04-01,103.6960
2022-03-25,103.1494
2022-03-18,114.7728
2022-03-11,116.0642
2022-03-04,117.4992
2022-02-25,119.0936
2022-02-18,119.7557
2022-02-11,120.4526
2022-02-04,121.1862
2022-01-28,121.9584
2022-01-21,109.7539
2022-01-14,108.9012
2022-01-07,104.5488
2021-12-31,101.7424
2021-12-23,99.8760
2021-12-17,98.7147
2021-12-10,98.2528
2021-12-03,106.9004
2021-11-26,109.7829
2021-11-19,112.5132
2021-11-12,114.6898
2021-11-05,117.2505
2021-10-29,117.3237
2021-10-22,118.1080
2021-10-15,108.4830
2021-10-08,107.4135
2021-10-01,107.4135
2021-09-24,115.3314
2021-09-17,116.0071
2021-09-10,116.2797
2021-09-03,110.6133
2021-08-27,109.9836
2021-08-20,109.2841
2021-08-13,108.9227
2021-08-06,115.8887
2021-07-30,115.9457
2021-07-23,117.7015
2021-07-16,119.1249
2021-07-09,120.7995
2021-07-02,121.8303
2021-06-25,122.2222
2021-06-18,122.2222
2021-06-11,114.1814
2021-06-04,112.6900
2021-05-28,112.6806
2021-05-21,110.6890
2021-05-14,108.0334
2021-05-07,104.8388
2021-04-30,103.0991
2021-04-23,101.7595
2021-04-16,100.1020
2021-04-09,98.0302
2021-04-01,95.4404
2021-03-26,93.2377
2021-03-19,92.0880
2021-03-12,91.5808
2021-03-05,101.0385
2021-02-26,101.5362
2021-02-19,102.0602
2021-02-12,102.6117
2021-02-05,103.1923
2021-01-29,103.1923
2021-01-22,103.1923
2021-01-15,93.7745
2021-01-08,91.4903
2020-12-31,90.0518
2020-12-24,88.3595
2020-12-18,86.3685
2020-12-11,84.0261
2020-12-04,82.3180
2020-11-27,81.5038
2020-11-20,97.4652
2020-11-13,99.2387
2020-11-06,101.2092
2020-10-30,103.3987
2020-10-23,104.2652
2020-10-16,90.3613
2020-10-09,89.6296
2020-10-02,98.6274
2020-09-25,99.6271
2020-09-18,100.0011
2020-09-11,100.3947
2020-09-04,92.3370
2020-08-28,91.4417
2020-08-21,90.4470
2020-08-14,89.3417
2020-08-07,88.7600
2020-07-31,88.1477
2020-07-24,87.5032
2020-07-17,98.4016
2020-07-10,100.3249
2020-07-02,101.6921
2020-06-26,103.2113
2020-06-19,103.2113
2020-06-12,103.2113
2020-06-05,86.6545
2020-05-29,84.8433
2020-05-22,82.7126
2020-05-15,80.2058
2020-05-08,77.2566
2020-05-01,73.7870
2020-04-24,71.5608
2020-04-17,69.0873
2020-04-09,67.8746
2020-04-03,92.6902
2020-03-27,100.9620
2020-03-20,108.4562
2020-03-13,114.2620
2020-03-06,116.5880
2020-02-28,117.7397
2020-02-21,104.5120
2020-02-14,100.1028
2020-02-07,100.1028
2020-01-31,100.0707
2020-01-24,98.0564
2020-01-17,97.2555
2020-01-10,96.7002
2020-01-03,96.4645
2019-12-27,96.2164
2019-12-20,95.9553
2019-12-13,101.4581
2019-12-06,102.0695
2019-11-29,102.7489
2019-11-22,103.5038
2019-11-15,104.3425
2019-11-08,105.2744
2019-11-01,106.3099
2019-10-25,107.4604
2019-10-18,108.0138
2019-10-11,97.3603
2019-10-04,96.1765
2019-09-27,95.6264
2019-09-20,95.0474
2019-09-13,94.4379
2019-09-06,105.1768
2019-08-30,107.0718
2019-08-23,109.3014
2019-08-16,110.8372
2019-08-09,110.8372
2019-08-02,102.8659
2019-07-26,100.8224
2019-07-19,97.8683
2019-07-12,95.9682
2019-07-05,94.2673
2019-06-28,92.9801
2019-06-21,92.0757
2019-06-14,91.9235
2019-06-07,99.3223
2019-05-31,100.3353
2019-05-24,101.7879
2019-05-17,103.0031
2019-05-10,103.7857
2019-05-03,104.1126
2019-04-26,104.1126
2019-04-18,104.1126
2019-04-12,99.0713
2019-04-05,98.3310
2019-03-29,97.1844
2019-03-22,95.6555
2019-03-15,94.9489
2019-03-08,93.0640
2019-03-01,90.5508
2019-02-22,87.4647
2019-02-15,83.6341
2019-02-08,80.3641
2019-02-01,77.6338
2019-01-25,75.6435
2019-01-18,74.9789
2019-01-11,86.3542
2019-01-04,87.6181
2018-12-28,89.0224
2018-12-21,89.5939
2018-12-14,80.2256
2018-12-07,79.7325
2018-11-30,89.3014
2018-11-23,91.6937
2018-11-16,94.6840
2018-11-09,98.4218
2018-11-02,103.0942
2018-10-26,106.0304
2018-10-19,107.8754
2018-10-12,107.8754
2018-10-05,102.9240
2018-09-28,101.5088
2018-09-21,100.7844
2018-09-14,100.1571
2018-09-07,99.7215
2018-08-31,99.2375
2018-08-24,98.9277
2018-08-17,98.3556
2018-08-10,97.7199
2018-08-03,97.0135
2018-07-27,96.2287
2018-07-20,95.3566
2018-07-13,95.0272
2018-07-06,101.1014
2018-06-29,102.1733
2018-06-22,102.8962
2018-06-15,103.6993
2018-06-08,104.5917
2018-06-01,105.5832
2018-05-25,106.6849
2018-05-18,107.9091
2018-05-11,109.2692
2018-05-04,110.7805
2018-04-27,110.7805
2018-04-20,98.7451
2018-04-13,109.6749
2018-04-06,110.2502
2018-03-29,110.8557
2018-03-23,111.3162
2018-03-16,111.9778
2018-03-09,112.6743
2018-03-02,113.4074
2018-02-23,114.1791
2018-02-16,114.9914
2018-02-09,115.8465
2018-02-02,104.9420
2018-01-26,103.0177
2018-01-19,100.7538
2018-01-12,99.5424
2018-01-05,98.9775
2017-12-29,106.8566
2017-12-22,106.8566
2017-12-15,107.0791
2017-12-08,107.5055
2017-12-01,107.9543
2017-11-24,108.4267
2017-11-17,108.9241
2017-11-10,100.7151
2017-11-03,97.9787
2017-10-27,97.9787
2017-10-20,96.7916
2017-10-13,95.7771
2017-10-06,94.9988
2017-09-29,94.3262
2017-09-22,93.9055
2017-09-15,93.4380
2017-09-08,93.2534
2017-09-01,98.0206
2017-08-25,99.6097
2017-08-18,101.1233
2017-08-11,102.2685
2017-08-04,103.0460
2017-07-28,103.9099
2017-07-21,104.2645
2017-07-14,100.2614
2017-07-07,100.0507
2017-06-30,99.8289
2017-06-23,99.5954
2017-06-16,99.3497
2017-06-09,102.6248
2017-06-02,103.7165
2017-05-26,105.1722
2017-05-19,107.1130
2017-05-12,109.7007
2017-05-05,112.7697
2017-04-28,113.3412
2017-04-21,115.8174
2017-04-13,116.1844
2017-04-07,117.4124
2017-03-31,118.5067
2017-03-24,119.3905
2017-03-17,119.9028
2017-03-10,120.0604
2017-03-03,115.2403
2017-02-24,113.6335
2017-02-17,112.0466
2017-02-10,110.2336
2017-02-03,108.0424
2017-01-27,107.7427
2017-01-20,107.7427
2017-01-13,107.7180
2017-01-06,106.7080
2016-12-30,105.3613
2016-12-23,103.5657
2016-12-16,102.2372
2016-12-09,100.1022
2016-12-02,98.3029
2016-11-25,96.8843
2016-11-18,95.9298
2016-11-11,95.4452
2016-11-04,104.1150
2016-10-28,105.0783
2016-10-21,106.1487
2016-10-14,106.5597
2016-10-07,99.1070
2016-09-30,98.9455
2016-09-23,105.4990
2016-09-16,106.2271
2016-09-09,106.5274
2016-09-02,101.2874
2016-08-26,99.9774
2016-08-19,98.3398
2016-08-12,96.2930
2016-08-05,94.8004
2016-07-29,93.0445
2016-07-22,91.8456
2016-07-15,91.2405
2016-07-08,99.5514
2016-07-01,99.5514
2016-06-24,93.5526
2016-06-17,92.6510
2016-06-10,91.5904
2016-06-03,90.8246
2016-05-27,90.4512
2016-05-20,96.7406
2016-05-13,96.7960
2016-05-06,97.1299
2016-04-29,97.1299
2016-04-22,97.3710
2016-04-15,91.0247
2016-04-08,88.9092
2016-04-01,86.1774
2016-03-24,83.3427
2016-03-18,79.9372
2016-03-11,77.2590
2016-03-04,75.2880
2016-02-26,74.1451
2016-02-19,74.0837
2016-02-12,82.2897
2016-02-05,83.7378
2016-01-29,85.4415
2016-01-22,87.4458
2016-01-15,88.1722
2016-01-08,88.1722
2015-12-31,82.6536
2015-12-24,88.1534
2015-12-18,88.7749
2015-12-11,88.7749
2015-12-04,89.0687
2015-11-27,90.2007
2015-11-20,91.5326
2015-11-13,93.0995
2015-11-06,93.9531
2015-10-30,94.9016
2015-10-23,95.2543
2015-10-16,87.4255
2015-10-09,87.4255
2015-10-02,93.0979
2015-09-25,87.7445
2015-09-18,87.4628
2015-09-11,94.9619
2015-09-04,97.4616
2015-08-28,100.7946
2015-08-21,103.5633
2015-08-14,105.5157
2015-08-07,107.1961
2015-07-31,107.1961
2015-07-24,107.1961
2015-07-17,100.0037
2015-07-10,104.9417
2015-07-02,105.8131
2015-06-26,106.3730
2015-06-19,106.9950
2015-06-12,107.6861
2015-06-05,107.9255
2015-05-29,102.7942
2015-05-22,101.5114
2015-05-15,99.9079
2015-05-08,97.9035
2015-05-01,96.2612
2015-04-24,95.2638
2015-04-17,94.9502
2015-04-10,94.6201
2015-04-02,94.2726
2015-03-27,93.9068
2015-03-20,100.6471
2015-03-13,101.0019
2015-03-06,93.5316
2015-02-27,92.2133
2015-02-20,91.2708
2015-02-13,90.8937
2015-02-06,98.1035
2015-01-30,98.9046
2015-01-23,99.2766
2015-01-16,92.2487
2015-01-09,91.8788
2015-01-02,91.4894
2014-12-26,99.2888
2014-12-19,100.0122
2014-12-12,100.5289
2014-12-05,101.6576
2014-11-28,103.1625
2014-11-21,105.1690
2014-11-14,107.1437
2014-11-07,109.6119
2014-10-31,112.6973
2014-10-24,115.5514
2014-10-17,116.9032
2014-10-10,117.4745
2014-10-03,117.7389
2014-09-26,112.3511
2014-09-19,111.7524
2014-09-12,111.4649
2014-09-05,111.1623
2014-08-29,110.8437
2014-08-22,117.5348
2014-08-15,117.8870
2014-08-08,117.8870
2014-08-01,109.7434
2014-07-25,108.8686
2014-07-18,107.8966
2014-07-11,107.6049
2014-07-03,107.6049
2014-06-27,112.6289
2014-06-20,112.7633
2014-06-13,114.1546
2014-06-06,115.3329
2014-05-30,116.8057
2014-05-23,117.8542
2014-05-16,118.5488
2014-05-09,118.8828
2014-05-02,111.6022
2014-04-25,111.6022
2014-04-17,110.6049
2014-04-11,108.5354
2014-04-04,107.0865
2014-03-28,105.3818
2014-03-21,104.5640
2014-03-14,103.6553
2014-03-07,102.6456
2014-02-28,102.2022
2014-02-21,110.9522
2014-02-14,111.9244
2014-02-07,113.0047
2014-01-31,113.2540
2014-01-24,106.5318
2014-01-17,104.8512
2014-01-10,103.4166
2014-01-03,102.5227
2013-12-27,102.5227
2013-12-20,110.1405
2013-12-13,110.5415
2013-12-06,103.8296
2013-11-29,103.0839
2013-11-22,102.2552
2013-11-15,101.8876
2013-11-08,109.1999
2013-11-01,110.4903
2013-10-25,112.0084
2013-10-18,113.7944
2013-10-11,114.7146
2013-10-04,115.0656
2013-09-27,108.0568
2013-09-20,107.2780
2013-09-13,106.9238
2013-09-06,111.8032
2013-08-30,113.4297
2013-08-23,115.1913
2013-08-16,116.6323
2013-08-09,117.7527
2013-08-02,118.5383
2013-07-26,119.4113
2013-07-19,120.3812
2013-07-12,121.4588
2013-07-05,122.6563
2013-06-28,123.9867
2013-06-21,124.5284
2013-06-14,115.2706
2013-06-07,113.6369
2013-05-31,111.7149
2013-05-24,110.4106
2013-05-17,109.7442
2013-05-10,122.5430
2013-05-03,123.9651
2013-04-26,125.4814
2013-04-19,126.2456
2013-04-12,119.1903
2013-04-05,118.4064
2013-03-28,117.5354
2013-03-22,116.5676
2013-03-15,115.4922
2013-03-08,115.4922
2013-03-01,121.4518
2013-02-22,114.9472
2013-02-15,113.7993
2013-02-08,112.4489
2013-02-01,110.8601
2013-01-25,110.4007
2013-01-18,109.9576
2013-01-11,109.6477
2013-01-04,109.1209
2012-12-28,108.5356
2012-12-21,107.8852
2012-12-14,107.5935
2012-12-07,113.6688
2012-11-30,115.1877
2012-11-23,117.0862
2012-11-16,119.4594
2012-11-09,121.1321
2012-11-02,122.3170
2012-10-26,122.3170
2012-10-19,122.7750
2012-10-12,117.5538
2012-10-05,115.8135
2012-09-28,114.1635
2012-09-21,112.0273
2012-09-14,111.5734
2012-09-07,110.5982
2012-08-31,109.4508
2012-08-24,108.1010
2012-08-17,106.5131
2012-08-10,105.4639
2012-08-03,104.9704
2012-07-27,114.4205
2012-07-20,114.9179
2012-07-13,115.4415
2012-07-06,108.6742
2012-06-29,108.3181
2012-06-22,107.9432
2012-06-15,115.5064
2012-06-08,117.3972
2012-06-01,118.9026
2012-05-25,119.7227
2012-05-18,120.0947
2012-05-11,113.1177
2012-05-04,113.1177
2012-04-27,120.3500
2012-04-20,121.1070
2012-04-13,121.1070
2012-04-05,115.7756
2012-03-30,114.2993
2012-03-23,112.6375
2012-03-16,110.4217
2012-03-09,108.6802
2012-03-02,107.2204
2012-02-24,105.3955
2012-02-17,104.2693
2012-02-10,102.9442
2012-02-03,101.9886
2012-01-27,101.5464
2012-01-20,109.5159
2012-01-13,110.4014
2012-01-06,110.8165
2011-12-30,111.2534
2011-12-23,111.5969
2011-12-16,102.4035
2011-12-09,101.3820
2011-12-02,101.3820
2011-11-25,108.7741
2011-11-18,103.0762
2011-11-11,102.1010
2011-11-04,100.4700
2011-10-28,98.7819
2011-10-21,96.3125
2011-10-14,93.4869
2011-10-07,91.4947
2011-09-30,90.1971
2011-09-23,89.6114
2011-09-16,99.0727
2011-09-09,99.0727
2011-09-02,100.2153
2011-08-26,102.0866
2011-08-19,104.2881
2011-08-12,105.0091
2011-08-05,105.3895
2011-07-29,95.5011
2011-07-22,93.7561
2011-07-15,92.9593
2011-07-08,92.0740
2011-07-01,91.7013
2011-06-24,95.6845
2011-06-17,96.6803
2011-06-10,97.4237
2011-06-03,97.8948
2011-05-27,98.0899
2011-05-20,93.5849
2011-05-13,92.0832
2011-05-06,90.0810
2011-04-29,88.1551
2011-04-21,86.9096
2011-04-15,86.1195
2011-04-08,85.7510
2011-04-01,93.8954
2011-03-25,94.8003
2011-03-18,94.8003
2011-03-11,94.8003
2011-03-04,89.8884
2011-02-25,89.6058
2011-02-18,88.1513
2011-02-11,86.2119
2011-02-04,84.1048
2011-01-28,82.6240
2011-01-21,82.3425
2011-01-14,81.6387
2011-01-07,81.2615
2010-12-31,81.0838
2010-12-23,80.4240
2010-12-17,79.5442
2010-12-10,79.5442
2010-12-03,79.4879
2010-11-26,79.4879
2010-11-19,79.0043
2010-11-12,77.6513
2010-11-05,76.6255
2010-10-29,75.4580
2010-10-22,73.8861
2010-10-15,71.9640
2010-10-08,70.4636
2010-10-01,69.4178
2010-09-24,68.7758
2010-09-17,68.5426
2010-09-10,73.4393
2010-09-03,73.9834
2010-08-27,74.2657
2010-08-20,69.1330
2010-08-13,68.5627
2010-08-06,68.2641
2010-07-30,67.9497
2010-07-23,67.6188
2010-07-16,67.2705
2010-07-09,67.2705
2010-07-02,67.2258
2010-06-25,66.8568
2010-06-18,66.4684
2010-06-11,66.0595
2010-06-04,65.6292
2010-05-28,65.1761
2010-05-21,64.6992
2010-05-14,64.6992
2010-05-07,73.3945
2010-04-30,69.2933
2010-04-23,68.5696
2010-04-16,68.0403
2010-04-09,67.8038
2010-04-01,67.5548
2010-03-26,67.2927
2010-03-19,71.6245
2010-03-12,71.6245
2010-03-05,71.7937
2010-02-26,72.2938
2010-02-19,72.8494
2010-02-12,73.4669
2010-02-05,74.1529
2010-01-29,74.1529
2010-01-22,69.2480
2010-01-15,73.4459
2010-01-08,70.5239
2009-12-31,69.9878
2009-12-24,69.2770
2009-12-18,68.4378
2009-12-11,67.6277
2009-12-04,66.9938
2009-11-27,66.2480
2009-11-20,65.7131
2009-11-13,65.5206
2009-11-06,70.4625
2009-10-30,70.7226
2009-10-23,64.9597
2009-10-16,64.4813
2009-10-09,64.4813
2009-10-02,64.3053
2009-09-25,63.8764
2009-09-18,63.3210
2009-09-11,63.3210
2009-09-04,62.8709
2009-08-28,61.6706
2009-08-21,60.2296
2009-08-14,58.3175
2009-08-07,56.4122
2009-07-31,54.8375
2009-07-24,54.4599
2009-07-17,54.4599
2009-07-10,59.8939
2009-07-02,60.3621
2009-06-26,60.5572
2009-06-19,56.6082
2009-06-12,55.2918
2009-06-05,55.2918
2009-05-29,55.0455
2009-05-22,54.6405
2009-05-15,54.0390
2009-05-08,52.8526
2009-05-01,51.2231
2009-04-24,49.8916
2009-04-17,48.8320
2009-04-09,47.5855
2009-04-03,46.1190
2009-03-27,45.2022
2009-03-20,45.1096
2009-03-13,51.3413
2009-03-06,52.0337
2009-02-27,52.8030
2009-02-20,52.8683
2009-02-13,46.4314
2009-02-06,44.2858
2009-01-30,44.2858
2009-01-23,43.8535
2009-01-16,42.5741
2009-01-09,40.9748
2009-01-02,39.8332
2008-12-26,39.0069
2008-12-19,38.0887
2008-12-12,37.6451
2008-12-05,45.2012
2008-11-28,47.7199
2008-11-21,51.0277
2008-11-14,51.0277
2008-11-07,51.7977
2008-10-31,54.9156
2008-10-24,59.0728
2008-10-17,63.7738
2008-10-10,65.6909
2008-10-03,66.7733
2008-09-26,66.9665
2008-09-19,68.2731
2008-09-12,69.0877
2008-09-05,69.9928
2008-08-29,70.2331
2008-08-22,65.4256
2008-08-15,64.8914
2008-08-08,64.2979
2008-08-01,63.6384
2008-07-25,62.9057
2008-07-18,62.5463
2008-07-11,67.4974
2008-07-03,68.2909
2008-06-27,69.1475
2008-06-20,69.5377
2008-06-13,69.7289
2008-06-06,65.9901
2008-05-30,65.6731
2008-05-23,64.5286
2008-05-16,64.0303
2008-05-09,62.9926
2008-05-02,61.7290
2008-04-25,61.5901
2008-04-18,60.5537
2008-04-11,60.5537
2008-04-04,60.0346
2008-03-28,58.7130
2008-03-20,57.1805
2008-03-14,55.7147
2008-03-07,54.5506
2008-02-29,53.1811
2008-02-22,52.5839
2008-02-15,52.2871
2008-02-08,51.9746
2008-02-01,51.6457
2008-01-25,58.1767
2008-01-18,58.9024
2008-01-11,59.7087
2008-01-04,59.7087
2007-12-28,53.7319
2007-12-21,53.1287
2007-12-14,52.8325
2007-12-07,58.7646
2007-11-30,59.8114
2007-11-23,61.0429
2007-11-16,61.7744
2007-11-09,63.3524
2007-11-02,63.8535
2007-10-26,64.4104
2007-10-19,64.4104
2007-10-12,58.8135
2007-10-05,57.9999
2007-09-28,57.4390
2007-09-21,56.8159
2007-09-14,56.1235
2007-09-07,55.3541
2007-08-31,54.9922
2007-08-24,62.3983
2007-08-17,62.7881
2007-08-10,57.0393
2007-08-03,56.0249
2007-07-27,54.8314
2007-07-20,54.0847
2007-07-13,53.8814
2007-07-06,53.6674
2007-06-29,56.6077
2007-06-22,56.7625
2007-06-15,56.9254
2007-06-08,57.0969
2007-06-01,53.1609
2007-05-25,51.8488
2007-05-18,50.0995
2007-05-11,48.6223
2007-05-04,47.6190
2007-04-27,46.9618
2007-04-20,46.7278
2007-04-13,51.2125
2007-04-05,51.4485
2007-03-30,51.6970
2007-03-23,51.9585
2007-03-16,52.2338
2007-03-09,52.5236
2007-03-02,52.8287
2007-02-23,49.9335
2007-02-16,49.7812
2007-02-09,49.6208
2007-02-02,52.9533
2007-01-26,52.9533
2007-01-19,52.9533
2007-01-12,49.5723
2007-01-05,48.8144
2006-12-29,48.1759
2006-12-22,47.7404
2006-12-15,47.4586
2006-12-08,47.4586
2006-12-01,49.3584
2006-11-24,47.1434
2006-11-17,46.4051
2006-11-10,45.5712
2006-11-03,44.6008
2006-10-27,43.4185
2006-10-20,42.6653
2006-10-13,42.5188
2006-10-06,42.3775
2006-09-29,41.9800
2006-09-22,41.4882
2006-09-15,40.9009
2006-09-08,40.2918
2006-09-01,39.4797
2006-08-25,38.8874
2006-08-18,38.3674
2006-08-11,38.1438
2006-08-04,37.8952
2006-07-28,37.8952
2006-07-21,40.9173
2006-07-14,40.9173
2006-07-07,41.1473
2006-06-30,41.6530
2006-06-23,42.0688
2006-06-16,42.4335
2006-06-09,43.0444
2006-06-02,43.3766
2006-05-26,43.6058
2006-05-19,43.7193
2006-05-12,43.8172
2006-05-05,43.8172
2006-04-28,43.9028
2006-04-21,44.0103
2006-04-13,44.1235
2006-04-07,42.0251
2006-03-31,41.6548
2006-03-24,41.2192
2006-03-17,40.9674
2006-03-10,40.8762
2006-03-03,42.5245
2006-02-24,42.5245
2006-02-17,42.6337
2006-02-10,43.2196
2006-02-03,43.8644
2006-01-27,43.9213
2006-01-20,44.2322
2006-01-13,44.8278
2006-01-06,45.5723
2005-12-30,46.1606
2005-12-23,46.5677
2005-12-16,46.5780
2005-12-09,44.2825
2005-12-02,43.5174
2005-11-25,42.6214
2005-11-18,41.6616
2005-11-11,41.4830
2005-11-04,41.0904
2005-10-28,40.6286
2005-10-21,40.0853
2005-10-14,39.7448
2005-10-07,39.7448
2005-09-30,42.5394
2005-09-23,42.9989
2005-09-16,43.2221
2005-09-09,43.4701
2005-09-02,43.7457
2005-08-26,43.8657
2005-08-19,41.5540
2005-08-12,40.9761
2005-08-05,40.2538
2005-07-29,39.3508
2005-07-22,38.2220
2005-07-15,37.7401
2005-07-08,37.3796
2005-07-01,37.2384
2005-06-24,37.0898
2005-06-17,36.9333
2005-06-10,39.9435
2005-06-03,40.0156
2005-05-27,40.0156
2005-05-20,40.3402
2005-05-13,41.4758
2005-05-06,42.9899
2005-04-29,45.0088
2005-04-22,46.5817
2005-04-15,47.4855
2005-04-08,47.9280
2005-04-01,48.1650
2005-03-24,48.4283
2005-03-18,48.7209
2005-03-11,48.8178
2005-03-04,47.0598
2005-02-25,47.0088
2005-02-18,46.9135
2005-02-11,49.0904
2005-02-04,49.6346
2005-01-28,50.3148
2005-01-21,50.8435
2005-01-14,50.8435
2005-01-07,50.8435
2004-12-31,49.0706
2004-12-23,48.6250
2004-12-17,48.0308
2004-12-10,47.2386
2004-12-03,46.2884
2004-11-26,45.4664
2004-11-19,44.4389
2004-11-12,43.6346
2004-11-05,43.1620
2004-10-29,43.1620
2004-10-22,45.9476
2004-10-15,42.9521
2004-10-08,42.6243
2004-10-01,42.5674
2004-09-24,42.3312
2004-09-17,42.0687
2004-09-10,41.9382
2004-09-03,43.7560
2004-08-27,44.1101
2004-08-20,44.6531
2004-08-13,44.6582
2004-08-06,44.7619
2004-07-30,45.1391
2004-07-23,45.5828
2004-07-16,46.1049
2004-07-09,46.4865
2004-07-02,46.6050
2004-06-25,44.2931
2004-06-18,43.8851
2004-06-10,43.6090
2004-06-04,43.5086
2004-05-28,43.4932
2004-05-21,46.0543
2004-05-14,46.9080
2004-05-07,47.3070
2004-04-30,48.1165
2004-04-23,48.3451
2004-04-16,48.7526
2004-04-08,49.2320
2004-04-02,49.7960
2004-03-26,50.4595
2004-03-19,50.9170
2004-03-12,51.1506
2004-03-05,48.5449
2004-02-27,48.2743
2004-02-20,47.5552
2004-02-13,46.6563
2004-02-06,45.8670
2004-01-30,45.3151
2004-01-23,45.3151
2004-01-16,48.6956
2004-01-09,45.5202
2004-01-02,45.2539
2003-12-26,44.9580
2003-12-19,44.6293
2003-12-12,44.4820
2003-12-05,47.2385
2003-11-28,47.3836
2003-11-21,47.5363
2003-11-14,47.6971
2003-11-07,47.8663
2003-10-31,48.0444
2003-10-24,48.0444
2003-10-17,44.2217
2003-10-10,43.3855
2003-10-03,42.6593
2003-09-26,41.8049
2003-09-19,40.7998
2003-09-12,40.2528
2003-09-05,40.0099
2003-08-29,43.0540
2003-08-22,43.2114
2003-08-15,43.5671
2003-08-08,43.9624
2003-08-01,44.1394
2003-07-25,41.0021
2003-07-18,40.6536
2003-07-11,40.4776
2003-07-03,43.8744
2003-06-27,44.4738
2003-06-20,45.1791
2003-06-13,45.1791
2003-06-06,45.6992
2003-05-30,45.8485
2003-05-23,41.8897
2003-05-16,40.5701
2003-05-09,39.5323
2003-05-02,38.6854
2003-04-25,38.1430
2003-04-17,37.8885
2003-04-11,37.6205
2003-04-04,37.3385
2003-03-28,37.0416
2003-03-21,37.0416
2003-03-14,40.9655
2003-03-07,41.5561
2003-02-28,42.2509
2003-02-21,43.0684
2003-02-14,44.0301
2003-02-07,44.6416
2003-01-31,44.9430
2003-01-24,38.8723
2003-01-17,38.1978
2003-01-10,38.1978
2003-01-03,43.7450
2002-12-27,44.6338
2002-12-20,45.2007
2002-12-13,45.2007
2002-12-06,38.6230
2002-11-29,36.6578
2002-11-22,34.5327
2002-11-15,32.5988
2002-11-08,30.1814
2002-11-01,28.3431
2002-10-25,27.2391
2002-10-18,27.2391
2002-10-11,36.8145
2002-10-04,38.9865
2002-09-27,40.5665
2002-09-20,41.4931
2002-09-13,41.7841
2002-09-06,35.5377
2002-08-30,34.4354
2002-08-23,33.1385
2002-08-16,33.1385
2002-08-09,33.0630
2002-08-02,37.3406
2002-07-26,37.3406
2002-07-19,33.2643
2002-07-12,37.6614
2002-07-05,39.1271
2002-06-28,39.6555
2002-06-21,40.7404
2002-06-14,42.0331
2002-06-07,43.0071
2002-05-31,43.9322
2002-05-24,45.3811
2002-05-17,47.1921
2002-05-10,49.4560
2002-05-03,50.9934
2002-04-26,52.0078
2002-04-19,53.1348
2002-04-12,54.3871
2002-04-05,54.6785
2002-03-28,48.7441
2002-03-22,48.4318
2002-03-15,48.1030
2002-03-08,54.3690
2002-03-01,55.9355
2002-02-22,57.8937
2002-02-15,59.1687
2002-02-08,60.6687
2002-02-01,62.4334
2002-01-25,63.4061
2002-01-18,63.4061
2002-01-11,60.1001
2002-01-04,59.3159
2001-12-28,58.2351
2001-12-21,56.7941
2001-12-14,56.0917
2001-12-07,55.0837
2001-11-30,53.8798
2001-11-23,52.2745
2001-11-16,50.1343
2001-11-09,48.1746
2001-11-02,46.7639
2001-10-26,45.1044
2001-10-19,44.1757
2001-10-12,43.8372
2001-10-05,50.5847
2001-09-28,52.2715
2001-09-21,53.5822
2001-09-10,54.2140
2001-09-07,54.2140
2001-08-31,49.5342
2001-08-24,54.2334
2001-08-17,55.0870
2001-08-10,55.0870
2001-08-03,55.2509
2001-07-27,56.3590
2001-07-20,57.7440
2001-07-13,58.5196
2001-07-06,59.3631
2001-06-29,59.7821
2001-06-22,59.9958
2001-06-15,55.8626
2001-06-08,55.8626
2001-06-01,55.5424
2001-05-25,54.0895
2001-05-18,52.2875
2001-05-11,49.8849
2001-05-04,47.4937
2001-04-27,45.5646
2001-04-20,44.1634
2001-04-12,43.8063
2001-04-06,51.1664
2001-03-30,53.0064
2001-03-23,55.3064
2001-03-16,57.2873
2001-03-09,58.2382
2001-03-02,59.2948
2001-02-23,59.2948
2001-02-16,47.7000
2001-02-09,44.8563
2001-02-02,42.4864
2001-01-26,40.8142
2001-01-19,39.9685
2001-01-12,49.7984
2001-01-05,49.9526
2000-12-29,51.0620
2000-12-22,52.2946
2000-12-15,52.2946
2000-12-08,44.2008
2000-12-01,43.7848
2000-11-24,43.3469
2000-11-17,51.7953
2000-11-10,53.4170
2000-11-03,56.7737
2000-10-27,59.5160
2000-10-20,61.4626
2000-10-13,63.9747
2000-10-06,65.7127
2000-09-29,66.9065
2000-09-22,67.2789
2000-09-15,58.4434
2000-09-08,56.2345
2000-09-01,53.4734
2000-08-25,51.4823
2000-08-18,50.3504
2000-08-11,49.8039
2000-08-04,58.8541
2000-07-28,59.3304
2000-07-21,59.8318
2000-07-14,60.3596
2000-07-07,60.9152
2000-06-30,51.8713
2000-06-23,51.3953
2000-06-16,50.8942
2000-06-09,50.3668
2000-06-02,55.9049
2000-05-26,56.6394
2000-05-19,57.7464
2000-05-12,59.0487
2000-05-05,60.5808
2000-04-28,62.3832
2000-04-20,63.6736
2000-04-14,63.7980
2000-04-07,51.4357
2000-03-31,50.0621
2000-03-24,49.4963
2000-03-17,55.6631
2000-03-10,57.2048
2000-03-03,59.1319
2000-02-25,59.8893
2000-02-18,60.5185
2000-02-11,61.2175
2000-02-04,61.9943
2000-01-28,61.9943
2000-01-21,54.9724
2000-01-14,52.9846
2000-01-07,52.9846
1999-12-31,51.9311
1999-12-23,51.9311
1999-12-17,50.1669
1999-12-10,47.5368
1999-12-03,46.0273
1999-11-26,45.3371
1999-11-19,44.9738
